episode,step,actual_glucose,predicted_glucose,action,reward
1,1,69.051025,70.13642883300781,0.32841265201568604,-1.0
1,2,66.736755,69.051025390625,0.5492963790893555,-1.0
1,3,64.5736,66.73675537109375,-0.6650803089141846,-1.0
1,4,64.21321,64.57360076904297,-1.4099044799804688,-1.0
1,5,65.34323,64.21321105957031,-2.178391218185425,-1.0
1,6,67.19092,3.846004009246826,-0.6853558421134949,-1.0
1,7,69.399284,3.860135555267334,-0.999993085861206,-1.0
1,8,72.29716,3.8432044982910156,-1.0044467449188232,1.0
1,9,74.693634,3.8216865062713623,0.05641961097717285,1.0
1,10,76.101036,3.8807010650634766,-1.1445527076721191,1.0
1,11,78.47237,3.8593738079071045,-0.969245433807373,1.0
1,12,81.61956,3.8240411281585693,-1.5617685317993164,1.0
1,13,84.85183,3.8160793781280518,-0.5365514159202576,1.0
1,14,86.24828,3.8367762565612793,0.18933987617492676,1.0
1,15,85.95541,3.8830459117889404,-0.7394238710403442,1.0
1,16,86.82448,3.873856782913208,-1.3452064990997314,1.0
1,17,88.44142,3.82148814201355,-0.46029555797576904,1.0
1,18,90.07153,3.8606107234954834,-2.953052043914795,1.0
1,19,92.1032,3.809654951095581,-0.4345209002494812,1.0
1,20,92.90063,3.843508243560791,-0.3002680540084839,1.0
1,21,93.44232,3.8756587505340576,-1.7255067825317383,1.0
1,22,95.579254,3.8105390071868896,-1.1402078866958618,1.0
1,23,98.21294,3.813373327255249,-0.5251082181930542,1.0
1,24,98.712585,3.815918207168579,0.18452155590057373,1.0
1,25,97.58947,3.886626720428467,-1.1154122352600098,1.0
1,26,98.628944,3.8171746730804443,-1.2282010316848755,1.0
1,27,100.83931,3.8115642070770264,-0.6899080872535706,1.0
1,28,103.40873,3.810988664627075,-1.2183252573013306,1.0
1,29,106.987175,3.8116817474365234,-0.9249787926673889,1.0
1,30,111.2892,3.8108203411102295,-1.0834314823150635,1.0
1,31,116.41095,3.8106353282928467,-1.8274340629577637,1.0
1,32,122.23823,3.8089406490325928,-1.046740174293518,1.0
1,33,128.67677,3.80731463432312,-4.026175022125244,1.0
1,34,135.66841,3.805661916732788,-2.340909004211426,1.0
1,35,143.17888,3.8040359020233154,-3.771883964538574,1.0
1,36,149.01039,3.8024935722351074,-0.2527737617492676,1.0
1,37,148.86215,3.8003122806549072,-0.28288114070892334,1.0
1,38,146.32437,3.8114535808563232,-1.3618297576904297,1.0
1,39,146.39929,3.815781831741333,-0.831102728843689,1.0
1,40,147.47908,3.8103115558624268,-0.7133569121360779,1.0
1,41,145.3567,3.807393789291382,0.31940758228302,1.0
1,42,138.86009,3.8112401962280273,-1.0293453931808472,1.0
1,43,136.66797,3.8108367919921875,-1.030094861984253,1.0
1,44,137.98639,3.8110897541046143,-0.956328809261322,1.0
1,45,141.39195,3.807380437850952,-2.5435714721679688,1.0
1,46,146.422,3.804931879043579,-1.311681866645813,1.0
1,47,152.6889,3.8024704456329346,-2.1300618648529053,1.0
1,48,159.93555,3.800971746444702,-2.181063652038574,1.0
1,49,167.67691,3.7996180057525635,-0.9043331146240234,1.0
1,50,175.41647,3.797574996948242,-2.3407721519470215,1.0
1,51,183.8888,3.798312187194824,-1.9203580617904663,-1.0
1,52,187.52928,3.7973055839538574,0.3879866600036621,-1.0
1,53,180.1059,3.799563407897949,-2.6621060371398926,-1.0
1,54,176.21535,3.8140385150909424,-2.2380144596099854,1.0
1,55,177.09537,3.807162046432495,-2.5591583251953125,1.0
1,56,181.1696,3.80173659324646,-1.1496392488479614,-1.0
1,57,186.13748,3.7980525493621826,-0.6842347383499146,-1.0
1,58,189.8784,3.7932698726654053,-2.2367444038391113,-1.0
1,59,190.35109,3.7976739406585693,0.16434121131896973,-1.0
1,60,182.7457,3.8006229400634766,-3.049354076385498,-1.0
1,61,179.17537,3.8112659454345703,-1.984815001487732,1.0
1,62,180.32799,3.8046061992645264,-1.3234437704086304,-1.0
1,63,181.47707,3.7996554374694824,-0.18367934226989746,-1.0
1,64,178.25394,3.7985787391662598,-1.5636308193206787,1.0
1,65,178.073,3.8042657375335693,-1.1836236715316772,1.0
1,66,179.8959,3.800793409347534,-0.6255635023117065,1.0
1,67,174.30832,3.7977778911590576,0.835505485534668,1.0
1,68,158.3748,3.811291456222534,-0.8131858110427856,1.0
1,69,149.01115,3.8115475177764893,-2.731802225112915,1.0
1,70,146.49173,3.8133327960968018,-2.140775203704834,1.0
1,71,148.00568,3.808861255645752,-2.032329559326172,1.0
1,72,151.9812,3.8036434650421143,-1.5620025396347046,1.0
1,73,157.62852,3.8009469509124756,-3.821296215057373,1.0
1,74,162.80545,3.799778938293457,-0.48107874393463135,1.0
1,75,163.36543,3.797637701034546,-0.38748878240585327,1.0
1,76,161.47067,3.8062918186187744,-2.7177648544311523,1.0
1,77,162.50893,3.8105103969573975,-3.206063747406006,1.0
1,78,165.28973,3.805194854736328,-0.6893457770347595,1.0
1,79,164.23915,3.8008525371551514,0.07945132255554199,1.0
1,80,158.22449,3.8051066398620605,-1.450467586517334,1.0
1,81,151.8844,3.81278395652771,0.43355298042297363,1.0
1,82,142.13858,3.8171751499176025,-1.2949870824813843,1.0
1,83,138.13281,3.8122470378875732,-2.104811429977417,1.0
1,84,138.56708,3.809335470199585,-2.564326763153076,1.0
1,85,141.68646,3.805389165878296,-2.832190990447998,1.0
1,86,150.37779,3.8040239810943604,-2.3551082611083984,1.0
1,87,172.4123,3.801490545272827,-1.000994324684143,1.0
1,88,189.04655,3.798124074935913,0.1351848840713501,-1.0
1,89,193.76302,3.7994043827056885,-1.4370583295822144,-1.0
1,90,196.75566,3.8098084926605225,-1.7085886001586914,-1.0
1,91,198.65448,3.802852153778076,-2.0814077854156494,-1.0
1,92,198.01775,3.798722505569458,-2.2005443572998047,-1.0
1,93,189.92477,3.796616554260254,-0.0921250581741333,-1.0
1,94,170.64032,3.796966791152954,-2.4373934268951416,1.0
1,95,165.38739,3.808901071548462,-1.6034748554229736,1.0
1,96,168.3817,3.804694175720215,-2.2200393676757812,1.0
1,97,174.01118,3.8010761737823486,-3.1326851844787598,1.0
1,98,181.20177,3.798517942428589,-1.5057964324951172,-1.0
1,99,189.45679,3.796963930130005,-0.9734287261962891,-1.0
1,100,196.90715,3.796020030975342,-0.646321177482605,-1.0
1,101,201.68665,3.792032241821289,-2.751432180404663,-1.0
1,102,207.58937,3.7972218990325928,-1.7362362146377563,-1.0
1,103,215.287,3.7959158420562744,-2.584318161010742,-1.0
1,104,224.49487,3.795438289642334,-1.7062745094299316,-1.0
1,105,236.15749,3.795153856277466,-1.3058438301086426,-1.0
1,106,253.00552,3.795093536376953,-1.498410701751709,-1.0
1,107,270.59647,3.795210599899292,-0.992140531539917,-1.0
1,108,287.72235,3.7953388690948486,-3.0597691535949707,-1.0
1,109,304.03162,3.7959909439086914,-1.5997241735458374,-1.0
1,110,319.22223,3.7966058254241943,-2.19276762008667,-1.0
1,111,332.96417,3.797297239303589,-1.2766354084014893,-1.0
1,112,331.96753,3.7979953289031982,0.5136321783065796,-1.0
1,113,297.19366,3.778517484664917,-2.309906244277954,-1.0
1,114,271.01743,3.7951576709747314,-1.8639276027679443,-1.0
1,115,260.02417,3.7932326793670654,-2.373297691345215,-1.0
1,116,258.5639,3.79202938079834,-2.1493353843688965,-1.0
1,117,262.72012,3.7914373874664307,-2.896987199783325,-1.0
1,118,268.1104,3.7912399768829346,-0.6466844081878662,-1.0
1,119,270.0485,3.7853498458862305,-2.324540615081787,-1.0
1,120,273.7866,3.7928688526153564,-2.5023014545440674,-1.0
1,121,280.64508,3.793470621109009,-3.4457848072052,-1.0
1,122,290.13373,3.794365644454956,-2.53708553314209,-1.0
1,123,301.6611,3.79508638381958,-3.840541124343872,-1.0
1,124,314.15225,3.795844554901123,-0.9182072281837463,-1.0
1,125,326.12762,3.794482946395874,-2.103273630142212,-1.0
1,126,338.96957,3.7969582080841064,-1.9696743488311768,-1.0
1,127,353.2087,3.7977371215820312,-1.2164597511291504,-1.0
1,128,365.9334,3.7985641956329346,-0.6980081796646118,-1.0
1,129,371.4375,3.790357828140259,-3.5036983489990234,-1.0
1,130,369.26395,3.796869993209839,-0.2305372953414917,-1.0
1,131,350.107,3.7797412872314453,-2.631906509399414,-1.0
1,132,323.5255,3.7913172245025635,0.3018825054168701,-1.0
1,133,282.70795,3.784477472305298,-2.9579873085021973,-1.0
1,134,256.2948,3.794552803039551,-1.6130021810531616,-1.0
1,135,245.39273,3.7906553745269775,-1.8854081630706787,-1.0
1,136,243.09546,3.7877962589263916,-0.861711859703064,-1.0
1,137,243.52956,3.7869372367858887,-0.8559049963951111,-1.0
1,138,245.49533,3.787337064743042,-2.495285987854004,-1.0
1,139,255.26573,3.791609287261963,-0.6956174969673157,-1.0
1,140,284.19913,3.786775588989258,-1.4275294542312622,-1.0
1,141,313.72928,3.791465997695923,-1.8453352451324463,-1.0
1,142,339.66965,3.791921615600586,-2.5372304916381836,-1.0
1,143,359.98315,3.793372869491577,-3.3144466876983643,-1.0
1,144,373.00394,3.7948644161224365,-1.4092596769332886,-1.0
1,145,376.31085,3.796163320541382,-0.9198219776153564,-1.0
1,146,366.9759,3.7949721813201904,-2.9398951530456543,-1.0
1,147,345.22665,3.797435998916626,-1.932523488998413,-1.0
1,148,334.40344,3.79801869392395,-0.25246286392211914,-1.0
1,149,305.98676,3.780928611755371,0.8132064342498779,-1.0
1,150,254.6381,3.8026010990142822,-2.0529911518096924,-1.0
1,151,223.12358,3.8126790523529053,-1.9195458889007568,-1.0
1,152,202.47447,3.8054707050323486,0.7267570495605469,-1.0
1,153,178.24988,3.805513381958008,-2.7526471614837646,1.0
1,154,165.91325,3.8084545135498047,-2.4278621673583984,1.0
1,155,162.39893,3.804121255874634,-2.8172755241394043,1.0
1,156,163.68819,3.8010365962982178,-2.370070457458496,1.0
1,157,166.64833,3.7990944385528564,-0.6545377969741821,1.0
1,158,168.34015,3.7960193157196045,-0.7859653830528259,1.0
1,159,170.2712,3.8002195358276367,-0.9665875434875488,1.0
1,160,172.30438,3.8012332916259766,-0.487180233001709,1.0
1,161,172.53503,3.7998993396759033,-1.1829564571380615,1.0
1,162,169.9398,3.804041862487793,0.44757187366485596,1.0
1,163,160.21965,3.805879831314087,-1.973393201828003,1.0
1,164,155.69778,3.8153908252716064,-1.481295108795166,1.0
1,165,155.8377,3.8106000423431396,-0.9300239086151123,1.0
1,166,155.79945,3.8042032718658447,-0.10544478893280029,1.0
1,167,152.62303,3.803173303604126,-2.681877613067627,1.0
1,168,152.61523,3.8090174198150635,-1.8144092559814453,1.0
1,169,155.61687,3.8062503337860107,-1.3053078651428223,1.0
1,170,160.67438,3.8031911849975586,-2.5299205780029297,1.0
1,171,167.20592,3.800396680831909,-3.0524826049804688,1.0
1,172,173.24619,3.798548936843872,-0.5475128293037415,1.0
1,173,176.69109,3.7954537868499756,-1.3902370929718018,1.0
1,174,177.42842,3.8011820316314697,0.07129287719726562,1.0
1,175,169.56998,3.803035020828247,-0.3385556936264038,1.0
1,176,161.24884,3.813274621963501,-1.4227818250656128,1.0
1,177,157.5598,3.8153388500213623,-0.6850606799125671,1.0
1,178,156.264,3.807157039642334,-2.612980842590332,1.0
1,179,157.16513,3.8067829608917236,-0.6707817912101746,1.0
1,180,158.49431,3.799299478530884,-1.4227538108825684,1.0
1,181,162.02907,3.803084135055542,-2.366856575012207,1.0
1,182,163.65764,3.80098032951355,0.14586126804351807,1.0
1,183,159.25563,3.8026323318481445,-1.7395387887954712,1.0
1,184,158.09793,3.8135154247283936,-2.870572090148926,1.0
1,185,157.99832,3.80795955657959,-0.23055040836334229,1.0
1,186,155.2874,3.8051984310150146,-0.8927751779556274,1.0
1,187,154.97076,3.810595750808716,-1.925499677658081,1.0
1,188,157.6794,3.805426836013794,-1.501907229423523,1.0
1,189,156.69984,3.802844762802124,0.8377299308776855,1.0
1,190,146.79797,3.8177263736724854,-2.8030271530151367,1.0
1,191,142.09729,3.8129160404205322,-1.4222609996795654,1.0
1,192,140.92836,3.813506841659546,-0.5411996841430664,1.0
1,193,140.4554,3.8076014518737793,-2.5637876987457275,1.0
1,194,142.57742,3.8098385334014893,-1.1969881057739258,1.0
1,195,146.79778,3.804804801940918,-1.3930426836013794,1.0
1,196,152.42294,3.8032257556915283,-0.9689916372299194,1.0
1,197,158.9919,3.80112886428833,-2.0440073013305664,1.0
1,198,164.19753,3.800045967102051,-0.3093748092651367,1.0
1,199,164.35913,3.7982211112976074,-0.6760662794113159,1.0
1,200,164.08377,3.8077781200408936,-3.9048261642456055,1.0
1,201,165.49026,3.8076183795928955,-0.6852464079856873,1.0
1,202,167.12712,3.8033254146575928,-1.419968843460083,1.0
1,203,170.94167,3.803762674331665,-1.757258653640747,1.0
1,204,175.7567,3.79963755607605,-0.7295309901237488,1.0
1,205,179.92676,3.7963850498199463,-2.310502052307129,1.0
1,206,180.45624,3.799196243286133,0.3251396417617798,-1.0
1,207,170.19603,3.802875280380249,-0.3740084767341614,1.0
1,208,159.95015,3.814157724380493,-0.8555193543434143,1.0
1,209,155.28049,3.8155126571655273,-1.512609601020813,1.0
1,210,155.09839,3.8110597133636475,-0.8848963379859924,1.0
1,211,154.421,3.804621934890747,-0.06024372577667236,1.0
1,212,150.59344,3.8005714416503906,-1.349698781967163,1.0
1,213,150.07742,3.8092880249023438,-0.9695234298706055,1.0
1,214,152.5254,3.806649923324585,-1.7062064409255981,1.0
1,215,157.12672,3.8042380809783936,-1.5349599123001099,1.0
1,216,163.28192,3.8012092113494873,-3.3038296699523926,1.0
1,217,168.81601,3.7991745471954346,-0.4804932475090027,1.0
1,218,169.6763,3.796562910079956,-0.4869620203971863,1.0
1,219,168.43002,3.8048934936523438,-1.749708890914917,1.0
1,220,170.00108,3.8077728748321533,-1.8534425497055054,1.0
1,221,174.28795,3.802903890609741,-2.701171398162842,1.0
1,222,180.37234,3.7994775772094727,-0.9611548185348511,-1.0
1,223,187.56635,3.796839714050293,-2.0305657386779785,-1.0
1,224,194.90501,3.79656720161438,-0.7576661705970764,-1.0
1,225,206.74411,3.793029546737671,-2.689819812774658,-1.0
1,226,238.36084,3.796091318130493,-1.4282286167144775,-1.0
1,227,269.5735,3.7938151359558105,-1.9688477516174316,-1.0
1,228,290.77576,3.7934796810150146,-0.14897692203521729,-1.0
1,229,292.34088,3.781337022781372,-1.3662176132202148,-1.0
1,230,286.3889,3.7918710708618164,-0.6932925581932068,-1.0
1,231,272.14105,3.787391424179077,-0.8102013468742371,-1.0
1,232,252.00389,3.789649248123169,-2.1155104637145996,-1.0
1,233,227.899,3.792109727859497,-2.6977052688598633,-1.0
1,234,222.68776,3.792523145675659,-2.6475605964660645,-1.0
1,235,228.51393,3.793596029281616,-3.1146278381347656,-1.0
1,236,237.66414,3.793940544128418,-1.9626708030700684,-1.0
1,237,248.46031,3.7944695949554443,-1.534559965133667,-1.0
1,238,260.42294,3.794975996017456,-1.8204857110977173,-1.0
1,239,270.2331,3.7954466342926025,-0.5214480757713318,-1.0
1,240,272.70883,3.7855067253112793,-2.511528968811035,-1.0
1,241,274.67087,3.794332504272461,-0.8217517733573914,-1.0
1,242,276.72525,3.790297746658325,-1.5945334434509277,-1.0
1,243,281.5964,3.793877363204956,-2.3309836387634277,-1.0
1,244,289.53787,3.7939937114715576,-4.105001449584961,-1.0
1,245,299.2294,3.7944998741149902,-0.9042806029319763,-1.0
1,246,308.86728,3.792886257171631,-1.5938785076141357,-1.0
1,247,319.55505,3.7956418991088867,-0.84121173620224,-1.0
1,248,325.84888,3.792022943496704,-0.27210772037506104,-1.0
1,249,315.66306,3.7811429500579834,-0.75440913438797,-1.0
1,250,299.85178,3.7879602909088135,-0.636762261390686,-1.0
1,251,284.63165,3.7862985134124756,-3.416818141937256,-1.0
1,252,268.0255,3.7900378704071045,0.3497871160507202,-1.0
1,253,239.63074,3.792395830154419,-2.558134078979492,-1.0
1,254,218.83348,3.79799747467041,-0.5805231928825378,-1.0
1,255,203.89105,3.79630446434021,-1.381824254989624,-1.0
1,256,196.52902,3.7966110706329346,-0.4454793334007263,-1.0
1,257,190.79895,3.7950961589813232,-1.9408228397369385,-1.0
1,258,187.08861,3.796293020248413,-0.3228261470794678,-1.0
1,259,181.9164,3.796203374862671,-1.0517569780349731,-1.0
1,260,180.89392,3.801530599594116,-1.4125885963439941,-1.0
1,261,183.71019,3.7987616062164307,-3.3638153076171875,-1.0
1,262,189.13712,3.796571731567383,-1.0299758911132812,-1.0
1,263,195.29355,3.7957942485809326,-0.7391412854194641,-1.0
1,264,200.29456,3.792203426361084,-3.0702123641967773,-1.0
1,265,206.6409,3.7962939739227295,-3.0500309467315674,-1.0
1,266,211.24654,3.7954766750335693,-0.2765076160430908,-1.0
1,267,209.41833,3.790705442428589,-2.33815336227417,-1.0
1,268,208.14647,3.799147844314575,-0.6432139873504639,-1.0
1,269,206.79712,3.795213460922241,-1.7237329483032227,-1.0
1,270,208.7371,3.7976012229919434,-3.291179656982422,-1.0
1,271,208.67343,3.7951433658599854,0.09953117370605469,-1.0
1,272,199.86183,3.795023202896118,-1.0213459730148315,-1.0
1,273,190.44312,3.805175542831421,0.15494537353515625,-1.0
1,274,177.37207,3.805662155151367,-1.1519701480865479,1.0
1,275,171.19124,3.8134915828704834,-4.107415676116943,1.0
1,276,170.38463,3.8060240745544434,-0.8624695539474487,1.0
1,277,172.18504,3.798011064529419,-2.2952499389648438,1.0
1,278,176.50548,3.7987148761749268,-1.2566487789154053,1.0
1,279,182.77823,3.7969837188720703,-2.5675888061523438,-1.0
1,280,186.80858,3.7964677810668945,-0.08005845546722412,-1.0
1,281,180.70403,3.795764923095703,-0.12885403633117676,-1.0
1,282,170.94986,3.810312032699585,-1.588729977607727,1.0
1,283,162.05986,3.8151087760925293,0.47025609016418457,1.0
1,284,149.00912,3.8122141361236572,-0.7276201248168945,1.0
1,285,141.55354,3.8114073276519775,-3.8768672943115234,1.0
1,286,139.9063,3.806363582611084,-1.4011380672454834,1.0
1,287,141.7927,3.8050427436828613,-1.663057565689087,1.0
2,1,100.67735,3.8921637535095215,-0.9926323890686035,1.0
2,2,101.58927,3.849716901779175,-2.3284687995910645,1.0
2,3,102.36906,3.8091909885406494,0.2161351442337036,1.0
2,4,101.656456,3.88621187210083,-1.7357470989227295,1.0
2,5,102.60789,3.811514377593994,-0.7039614915847778,1.0
2,6,103.94669,3.8145267963409424,-0.6424781084060669,1.0
2,7,105.044685,3.813352346420288,-0.4994792938232422,1.0
2,8,106.364365,3.8228297233581543,-3.317958354949951,1.0
2,9,107.80898,3.8088629245758057,-0.13277173042297363,1.0
2,10,106.143555,3.8451101779937744,0.2830088138580322,1.0
2,11,103.41196,3.8799197673797607,-1.8968019485473633,1.0
2,12,103.64285,3.8294966220855713,-2.9158549308776855,1.0
2,13,105.95874,3.8073556423187256,-2.405824661254883,1.0
2,14,109.66355,3.8111531734466553,-2.3312723636627197,1.0
2,15,113.82295,3.8106980323791504,-0.6946995258331299,1.0
2,16,117.84728,3.809286117553711,-1.1723263263702393,1.0
2,17,122.819084,3.811870813369751,-1.376787781715393,1.0
2,18,127.97908,3.809868812561035,-0.6888241767883301,1.0
2,19,132.64264,3.80709171295166,-2.385874032974243,1.0
2,20,137.26395,3.8098459243774414,-0.5948942303657532,1.0
2,21,141.02165,3.806572198867798,-1.5632175207138062,1.0
2,22,142.27492,3.810267686843872,0.4345818758010864,1.0
2,23,137.9343,3.8188233375549316,-0.8069053888320923,1.0
2,24,136.22667,3.81536602973938,-2.4572858810424805,1.0
2,25,134.62085,3.8155438899993896,0.33232975006103516,1.0
2,26,130.20355,3.8378772735595703,-2.369086980819702,1.0
2,27,128.4415,3.808208703994751,-0.5111339688301086,1.0
2,28,127.89949,3.8050711154937744,-2.566190242767334,1.0
2,29,129.95189,3.808488607406616,-1.4559879302978516,1.0
2,30,133.93427,3.80903697013855,-1.8852944374084473,1.0
2,31,139.28723,3.8070602416992188,-1.107041597366333,1.0
2,32,143.95174,3.8052518367767334,-0.341350793838501,1.0
2,33,146.26057,3.8035647869110107,-3.0149052143096924,1.0
2,34,150.14395,3.81109619140625,-1.567516803741455,1.0
2,35,153.01373,3.8069844245910645,-0.07828259468078613,1.0
2,36,152.2575,3.8062009811401367,-2.6373414993286133,1.0
2,37,153.96017,3.814072847366333,-1.6899614334106445,1.0
2,38,158.1179,3.8085126876831055,-1.1152020692825317,1.0
2,39,164.02124,3.8043723106384277,-1.1990022659301758,1.0
2,40,171.23022,3.8010330200195312,-2.3718953132629395,1.0
2,41,178.50197,3.7988176345825195,-0.7259502410888672,1.0
2,42,183.46593,3.795682191848755,-0.7051864266395569,-1.0
2,43,187.2236,3.7981975078582764,-1.9486639499664307,-1.0
2,44,188.14705,3.800149917602539,0.1682136058807373,-1.0
2,45,181.9738,3.8032801151275635,-2.1217310428619385,-1.0
2,46,178.53336,3.812983274459839,-0.6424047350883484,1.0
2,47,176.9729,3.806753396987915,-1.6831300258636475,1.0
2,48,178.9894,3.805461883544922,-1.4852250814437866,1.0
2,49,183.81793,3.800422191619873,-1.509932279586792,-1.0
2,50,190.62459,3.796990156173706,-1.5440680980682373,-1.0
2,51,198.90622,3.796077013015747,-1.7295684814453125,-1.0
2,52,205.92308,3.795417070388794,-0.4449736475944519,-1.0
2,53,208.50667,3.790631055831909,-1.4702138900756836,-1.0
2,54,212.69113,3.7979371547698975,-3.070819854736328,-1.0
2,55,219.34367,3.7958028316497803,-1.3892762660980225,-1.0
2,56,224.84119,3.7949013710021973,-0.37339460849761963,-1.0
2,57,224.8166,3.7888453006744385,-1.665910005569458,-1.0
2,58,226.96501,3.7962167263031006,-2.6019062995910645,-1.0
2,59,232.41461,3.7945034503936768,-1.918035626411438,-1.0
2,60,240.4045,3.7939395904541016,-1.577444076538086,-1.0
2,61,250.2907,3.7936666011810303,-1.2425217628479004,-1.0
2,62,261.66046,3.793729543685913,-3.1938881874084473,-1.0
2,63,274.25513,3.794329881668091,-2.9854464530944824,-1.0
2,64,287.91037,3.7948834896087646,-1.7586311101913452,-1.0
2,65,302.52048,3.795477867126465,-1.4949824810028076,-1.0
2,66,315.49954,3.7961299419403076,-0.6733335852622986,-1.0
2,67,322.4766,3.7880027294158936,-2.417154312133789,-1.0
2,68,323.62616,3.7948410511016846,-0.22948694229125977,-1.0
2,69,311.88446,3.780651807785034,-3.095217227935791,-1.0
2,70,305.00116,3.791628122329712,-0.35811519622802734,-1.0
2,71,312.79297,3.78324294090271,-1.6347932815551758,-1.0
2,72,325.45474,3.787506580352783,-1.189526915550232,-1.0
2,73,339.65213,3.7871627807617188,-2.472820520401001,-1.0
2,74,338.7465,3.7879064083099365,0.6883859634399414,-1.0
2,75,300.3012,3.7812860012054443,-0.296164870262146,-1.0
2,76,258.63272,3.8054590225219727,-2.886691093444824,-1.0
2,77,229.37532,3.804788827896118,-3.613147497177124,-1.0
2,78,205.90797,3.799427032470703,-1.8486409187316895,-1.0
2,79,201.01405,3.7959775924682617,-2.0618019104003906,-1.0
2,80,205.56158,3.7926604747772217,-1.4258151054382324,-1.0
2,81,212.61761,3.7930967807769775,-0.9011817574501038,-1.0
2,82,220.3334,3.7920773029327393,-2.819459915161133,-1.0
2,83,228.05196,3.794116258621216,-0.7304528951644897,-1.0
2,84,233.93312,3.7898507118225098,-1.2839479446411133,-1.0
2,85,241.20517,3.79447340965271,-1.460685133934021,-1.0
2,86,250.42633,3.7940332889556885,-1.387220025062561,-1.0
2,87,261.29446,3.794156312942505,-1.4607833623886108,-1.0
2,88,273.51636,3.794390916824341,-1.5359673500061035,-1.0
2,89,286.88846,3.794787645339966,-2.6150588989257812,-1.0
2,90,301.27692,3.7953872680664062,-1.5285876989364624,-1.0
2,91,316.59442,3.796035051345825,-1.814855694770813,-1.0
2,92,332.78455,3.7967371940612793,-3.1898484230041504,-1.0
2,93,349.8113,3.7974765300750732,-1.0236504077911377,-1.0
2,94,366.82797,3.7982289791107178,-0.9111371636390686,-1.0
2,95,377.10287,3.7962799072265625,-0.4702047109603882,-1.0
2,96,361.84662,3.784412384033203,0.2521662712097168,-1.0
2,97,320.63037,3.781790018081665,-1.0302538871765137,-1.0
2,98,291.772,3.7923953533172607,-2.636207103729248,-1.0
2,99,279.42844,3.790275812149048,-2.058138847351074,-1.0
2,100,277.57962,3.7887184619903564,-2.814645767211914,-1.0
2,101,281.90005,3.788266897201538,-2.221712112426758,-1.0
2,102,290.07095,3.7901759147644043,-3.0003552436828613,-1.0
2,103,300.86816,3.7924673557281494,-1.6493911743164062,-1.0
2,104,313.60916,3.7941555976867676,-2.050323724746704,-1.0
2,105,327.88907,3.795438528060913,-1.4133025407791138,-1.0
2,106,343.4554,3.7965142726898193,-1.560499668121338,-1.0
2,107,360.14545,3.7974767684936523,-2.3841938972473145,-1.0
2,108,377.85193,3.798356533050537,-1.8388872146606445,-1.0
2,109,396.5032,3.7991583347320557,-2.419353485107422,-1.0
2,110,415.65054,3.799877405166626,-0.9629567265510559,-1.0
2,111,434.43695,3.7993764877319336,-2.0117154121398926,-1.0
2,112,453.7799,3.800673246383667,-1.1551262140274048,-1.0
2,113,474.15176,3.801180362701416,-1.4662411212921143,-1.0
2,114,495.62836,3.801658868789673,-1.880974292755127,-1.0
2,115,514.1102,3.802056312561035,-0.7100695967674255,-1.0
2,116,514.4106,3.793461799621582,-0.544464647769928,-1.0
2,117,494.1681,3.786717176437378,-2.349750518798828,-1.0
2,118,475.7586,3.7950246334075928,-3.8989386558532715,-1.0
2,119,465.436,3.795872211456299,-0.8484018445014954,-1.0
2,120,446.09177,3.7921130657196045,0.0811605453491211,-1.0
2,121,400.37503,3.7733218669891357,-1.6919641494750977,-1.0
2,122,364.87946,3.7848236560821533,-1.9201644659042358,-1.0
2,123,347.56647,3.787165880203247,-1.4832144975662231,-1.0
2,124,343.24374,3.7891809940338135,-1.9711520671844482,-1.0
2,125,346.98148,3.7907392978668213,-2.0549814701080322,-1.0
2,126,345.52908,3.7925007343292236,0.1680675745010376,-1.0
2,127,308.16748,3.7754480838775635,0.7893104553222656,-1.0
2,128,252.03998,3.809605598449707,-1.6362078189849854,-1.0
2,129,220.08008,3.8154470920562744,-0.828485369682312,-1.0
2,130,204.10902,3.809471845626831,-0.5508673191070557,-1.0
2,131,194.8592,3.803870916366577,-2.0347347259521484,-1.0
2,132,192.56213,3.796581983566284,-1.0003869533538818,-1.0
2,133,195.00218,3.7940316200256348,-2.3502297401428223,-1.0
2,134,200.45367,3.793806791305542,-1.6630492210388184,-1.0
2,135,207.9724,3.793858289718628,-1.5845521688461304,-1.0
2,136,217.03229,3.7939672470092773,-2.2714152336120605,-1.0
2,137,227.32314,3.7941946983337402,-1.9260210990905762,-1.0
2,138,238.65413,3.7943599224090576,-1.4076074361801147,-1.0
2,139,250.43501,3.7945425510406494,-0.9173074960708618,-1.0
2,140,261.86505,3.7928802967071533,-2.003861665725708,-1.0
2,141,274.06635,3.7947726249694824,-1.7702785730361938,-1.0
2,142,287.3403,3.795057535171509,-3.3661608695983887,-1.0
2,143,301.6423,3.795555830001831,-1.0646365880966187,-1.0
2,144,316.8956,3.7961103916168213,-1.9127146005630493,-1.0
2,145,333.0404,3.7967612743377686,-3.240382671356201,-1.0
2,146,357.21442,3.7974908351898193,-1.5774614810943604,-1.0
2,147,406.65402,3.798271656036377,-1.3070614337921143,-1.0
2,148,458.82913,3.7992756366729736,-2.1028566360473633,-1.0
2,149,505.96066,3.8003642559051514,-1.4098105430603027,-1.0
2,150,544.468,3.8012759685516357,-1.5087698698043823,-1.0
2,151,571.96936,3.8019509315490723,-2.362548589706421,-1.0
2,152,586.38196,3.8024072647094727,-2.6499836444854736,-1.0
2,153,585.6384,3.802675724029541,-1.5274003744125366,-1.0
2,154,567.5935,3.8027937412261963,-1.9396584033966064,-1.0
2,155,562.09515,3.8027803897857666,-0.8295971155166626,-1.0
2,156,563.3962,3.7975828647613525,-1.5999417304992676,-1.0
2,157,562.12244,3.801171064376831,-0.504925012588501,-1.0
2,158,534.96533,3.7868282794952393,-0.4674813747406006,-1.0
2,159,487.96704,3.782670497894287,-1.8409234285354614,-1.0
2,160,451.77994,3.7908289432525635,-1.4332364797592163,-1.0
2,161,424.00366,3.791818618774414,-0.1818089485168457,-1.0
2,162,387.02533,3.774665117263794,-1.7414789199829102,-1.0
2,163,347.8104,3.7842977046966553,0.5313608646392822,-1.0
2,164,290.08786,3.7817494869232178,-0.2455991506576538,-1.0
2,165,233.71312,3.80629301071167,1.2421810626983643,-1.0
2,166,187.42455,3.8028907775878906,-1.566515564918518,-1.0
2,167,167.0205,3.807084798812866,-1.4432734251022339,1.0
2,168,160.35362,3.8075168132781982,-2.022508382797241,1.0
2,169,154.63423,3.802286386489868,0.7984027862548828,1.0
2,170,139.68582,3.8325681686401367,0.625813364982605,1.0
2,171,125.82681,3.8728268146514893,-0.9831708669662476,1.0
2,172,120.33408,3.8294265270233154,-1.8094677925109863,1.0
2,173,119.738655,3.8015520572662354,-2.5989575386047363,1.0
2,174,121.885605,3.806797742843628,-1.434565782546997,1.0
2,175,125.787346,3.8071482181549072,-1.3543930053710938,1.0
2,176,130.19986,3.8073298931121826,-0.6731353402137756,1.0
2,177,131.50229,3.8054730892181396,0.1874011754989624,1.0
2,178,128.80106,3.823014974594116,-0.7115880846977234,1.0
2,179,127.92037,3.8146636486053467,-3.140821695327759,1.0
2,180,129.85664,3.8153774738311768,-2.133965492248535,1.0
2,181,133.76657,3.811872720718384,-2.005826234817505,1.0
2,182,139.06755,3.8081438541412354,-1.953161597251892,1.0
2,183,145.42928,3.8053786754608154,-1.8519237041473389,1.0
2,184,152.62541,3.803489923477173,-0.9890595078468323,1.0
2,185,160.50525,3.8016679286956787,-2.2554495334625244,1.0
2,186,169.06876,3.8002994060516357,-3.143728256225586,1.0
2,187,178.27988,3.7989614009857178,-1.13148832321167,1.0
2,188,188.10973,3.7978827953338623,-1.1327624320983887,-1.0
2,189,198.54327,3.797015428543091,-1.3153741359710693,-1.0
2,190,209.5756,3.79634165763855,-2.6091132164001465,-1.0
2,191,218.72757,3.7958414554595947,-0.48001420497894287,-1.0
2,192,220.43204,3.788745641708374,-0.5259608626365662,-1.0
2,193,218.36646,3.7957754135131836,-2.155149459838867,-1.0
2,194,219.59541,3.7987163066864014,-2.8687357902526855,-1.0
2,195,224.26947,3.7958385944366455,-0.9662685394287109,-1.0
2,196,231.19528,3.7937686443328857,-1.779129147529602,-1.0
2,197,235.77783,3.7934486865997314,-0.19010508060455322,-1.0
2,198,232.20616,3.787126064300537,-2.1444714069366455,-1.0
2,199,229.9315,3.7967746257781982,-0.7161150574684143,-1.0
2,200,228.85493,3.792921781539917,-2.346996307373047,-1.0
2,201,231.5467,3.7947616577148438,-1.4365535974502563,-1.0
2,202,237.60222,3.7931294441223145,-2.5462775230407715,-1.0
2,203,246.11057,3.792487621307373,-1.7728314399719238,-1.0
2,204,256.44843,3.793231248855591,-2.476608991622925,-1.0
2,205,274.38104,3.7937912940979004,-2.277273654937744,-1.0
2,206,313.98062,3.794323205947876,-1.66083562374115,-1.0
2,207,354.20532,3.794868230819702,-3.0486185550689697,-1.0
2,208,386.31277,3.796032667160034,-0.6369501352310181,-1.0
2,209,394.57935,3.78691029548645,-0.2229076623916626,-1.0
2,210,375.86697,3.779165267944336,-1.2309311628341675,-1.0
2,211,353.5625,3.7889959812164307,-1.1222364902496338,-1.0
2,212,331.63657,3.789912462234497,-1.0634995698928833,-1.0
2,213,306.68622,3.790889024734497,-2.7620296478271484,-1.0
2,214,293.0254,3.7916147708892822,0.1875605583190918,-1.0
2,215,272.7958,3.7804343700408936,-1.3472890853881836,-1.0
2,216,253.50485,3.7937910556793213,0.1695406436920166,-1.0
2,217,227.46025,3.801549196243286,-0.4777703881263733,-1.0
2,218,206.64471,3.8105056285858154,-0.7223520874977112,-1.0
2,219,193.66908,3.8081581592559814,-0.6285764575004578,-1.0
2,220,186.30779,3.800072193145752,-2.030930995941162,-1.0
2,221,184.9582,3.8000400066375732,-0.9669429063796997,-1.0
2,222,187.53972,3.7956249713897705,-1.6709634065628052,-1.0
2,223,192.87625,3.7953927516937256,-1.6434074640274048,-1.0
2,224,200.17958,3.7949471473693848,-2.754483699798584,-1.0
2,225,208.96313,3.7947182655334473,-1.744902491569519,-1.0
2,226,218.93408,3.7946557998657227,-3.5215368270874023,-1.0
2,227,229.73956,3.7946224212646484,-0.9660118818283081,-1.0
2,228,235.56882,3.7939670085906982,0.023591279983520508,-1.0
2,229,229.89442,3.7885091304779053,-1.754181146621704,-1.0
2,230,224.38844,3.7998597621917725,-0.4606855511665344,-1.0
2,231,218.3491,3.797783136367798,-2.3699214458465576,-1.0
2,232,217.25694,3.799496650695801,-1.082706093788147,-1.0
2,233,220.65898,3.794956922531128,-2.770198345184326,-1.0
2,234,227.14395,3.792412519454956,-2.0687949657440186,-1.0
2,235,233.04703,3.792942762374878,-0.47139811515808105,-1.0
2,236,234.21411,3.7866108417510986,-2.534909725189209,-1.0
2,237,234.85216,3.7945539951324463,-0.5202546715736389,-1.0
2,238,232.96822,3.7900707721710205,-2.3967978954315186,-1.0
2,239,234.40283,3.795121908187866,-1.4635851383209229,-1.0
2,240,239.56564,3.793330430984497,-2.626915454864502,-1.0
2,241,246.55774,3.792710542678833,-0.8331434726715088,-1.0
2,242,253.31487,3.7898221015930176,-2.651242733001709,-1.0
2,243,259.1792,3.7931344509124756,-0.5743222236633301,-1.0
2,244,252.98563,3.786147356033325,0.32559919357299805,-1.0
2,245,232.74728,3.799161195755005,-1.997252345085144,-1.0
2,246,220.67543,3.8071391582489014,-1.4983084201812744,-1.0
2,247,217.57445,3.7998945713043213,-1.5073071718215942,-1.0
2,248,219.8184,3.794940233230591,-0.8853769302368164,-1.0
2,249,225.63956,3.790559768676758,-3.0156493186950684,-1.0
2,250,224.06226,3.7918879985809326,0.9377387762069702,-1.0
2,251,203.52667,3.8021323680877686,-0.6646590828895569,-1.0
2,252,188.37814,3.816599130630493,-1.9623749256134033,-1.0
2,253,176.44763,3.8146798610687256,0.7182562351226807,1.0
2,254,159.27702,3.811368227005005,-0.6310995817184448,1.0
2,255,147.04463,3.80953049659729,-0.37869441509246826,1.0
2,256,139.08174,3.802227258682251,-1.0770025253295898,1.0
2,257,137.3966,3.804363489151001,-1.4794094562530518,1.0
2,258,138.24042,3.805499315261841,-0.5383696556091309,1.0
2,259,139.27252,3.8011910915374756,-1.9459396600723267,1.0
2,260,142.44217,3.8075122833251953,-1.01690673828125,1.0
2,261,143.44865,3.806445360183716,0.4806724786758423,1.0
2,262,139.11746,3.8159847259521484,-1.5967062711715698,1.0
2,263,138.32181,3.8143956661224365,-2.9933414459228516,1.0
2,264,140.64905,3.813232660293579,-1.8824199438095093,1.0
2,265,144.60278,3.809488534927368,-0.8406003713607788,1.0
2,266,149.2181,3.805187463760376,-2.442018985748291,1.0
2,267,155.12955,3.804699182510376,-1.9661145210266113,1.0
2,268,162.1856,3.8023900985717773,-1.8367524147033691,1.0
2,269,169.03635,3.8004541397094727,-0.6540210247039795,1.0
2,270,174.32405,3.797353744506836,-2.8887457847595215,1.0
2,271,177.95665,3.8012583255767822,-0.22730040550231934,1.0
2,272,177.41925,3.8006298542022705,-2.10274600982666,1.0
2,273,174.30045,3.807996988296509,0.4242994785308838,1.0
2,274,165.03989,3.808765411376953,-1.2169783115386963,1.0
2,275,160.04054,3.816742181777954,-0.619752824306488,1.0
2,276,156.82117,3.8100008964538574,-0.6811779141426086,1.0
2,277,155.64671,3.8059911727905273,-2.8358781337738037,1.0
2,278,153.32764,3.8073861598968506,0.5024117231369019,1.0
2,279,146.09218,3.8074893951416016,-1.5577737092971802,1.0
2,280,139.68738,3.809542417526245,0.5316810607910156,1.0
2,281,131.4004,3.8717732429504395,-1.6464006900787354,1.0
2,282,126.29573,3.7987544536590576,0.03893423080444336,1.0
2,283,121.74682,3.858962297439575,-3.5789530277252197,1.0
2,284,121.16983,3.7967679500579834,-2.631625175476074,1.0
2,285,123.33593,3.807386636734009,-2.1846060752868652,1.0
2,286,127.27746,3.807570695877075,-1.9147815704345703,1.0
2,287,132.4827,3.8075733184814453,-2.844261646270752,1.0
3,1,56.900383,3.8146908283233643,-1.9969148635864258,-1.0
3,2,57.541172,3.839883327484131,0.42785418033599854,-1.0
3,3,57.72169,3.7813432216644287,-1.624413013458252,-1.0
3,4,57.817146,3.8193728923797607,0.7067744731903076,-1.0
3,5,57.37999,3.728198766708374,-1.456053376197815,-1.0
3,6,58.119022,3.7448742389678955,-0.7877322435379028,-1.0
3,7,59.600483,3.821355104446411,-1.4201809167861938,-1.0
3,8,61.009144,3.8531651496887207,0.06877672672271729,-1.0
3,9,61.96688,3.830348253250122,-1.0108389854431152,-1.0
3,10,63.49921,3.8633010387420654,-0.5825612545013428,-1.0
3,11,65.30105,3.863133192062378,-1.449144959449768,-1.0
3,12,67.82893,3.860619068145752,-1.4967000484466553,-1.0
3,13,70.936966,3.8302862644195557,-2.154036045074463,1.0
3,14,74.516655,3.8183586597442627,-2.5809717178344727,1.0
3,15,78.50317,3.815256118774414,-1.5243061780929565,1.0
3,16,81.83182,3.8141162395477295,-0.15966951847076416,1.0
3,17,83.9255,3.8793814182281494,-1.0922060012817383,1.0
3,18,86.88622,3.8171498775482178,-2.271071434020996,1.0
3,19,90.647125,3.816547155380249,-1.1894809007644653,1.0
3,20,93.50339,3.8133037090301514,0.018563389778137207,1.0
3,21,94.41006,3.8753609657287598,-0.9848564267158508,1.0
3,22,94.90017,3.812119245529175,0.10088717937469482,1.0
3,23,93.76298,3.888054132461548,-0.8197203874588013,1.0
3,24,93.3162,3.8415703773498535,-0.4038098454475403,1.0
3,25,93.287674,3.8690850734710693,-1.5747759342193604,1.0
3,26,95.05064,3.8056728839874268,-2.127197265625,1.0
3,27,98.1535,3.8117220401763916,-1.157676339149475,1.0
3,28,101.3985,3.8108386993408203,-0.516875684261322,1.0
3,29,103.13373,3.8107097148895264,-0.5094748735427856,1.0
3,30,103.11238,3.8185555934906006,-0.21380400657653809,1.0
3,31,101.4988,3.864290237426758,-0.48239099979400635,1.0
3,32,100.65006,3.854748010635376,-1.8906407356262207,1.0
3,33,102.02687,3.8074066638946533,-2.52335786819458,1.0
3,34,105.01152,3.810824155807495,-1.353521704673767,1.0
3,35,109.12351,3.809828519821167,-1.3744781017303467,1.0
3,36,114.09138,3.809119462966919,-2.262054443359375,1.0
3,37,119.75539,3.80798602104187,-1.1280348300933838,1.0
3,38,123.95775,3.806702136993408,-0.11020934581756592,1.0
3,39,121.94815,3.8064167499542236,0.2679709196090698,1.0
3,40,116.818245,3.8820040225982666,-1.607445240020752,1.0
3,41,115.10758,3.8086206912994385,-0.8477751016616821,1.0
3,42,115.78915,3.813417434692383,-1.1189031600952148,1.0
3,43,118.5096,3.8103082180023193,-1.203780174255371,1.0
3,44,122.68766,3.807884693145752,-1.6754837036132812,1.0
3,45,127.364685,3.8066606521606445,-0.7602042555809021,1.0
3,46,126.91314,3.804260015487671,0.987778902053833,1.0
3,47,119.34234,3.886565685272217,-1.492366075515747,1.0
3,48,116.155106,3.8093373775482178,-1.1445605754852295,1.0
3,49,116.63881,3.8131496906280518,-2.429105043411255,1.0
3,50,119.11862,3.809849977493286,-0.8921623826026917,1.0
3,51,120.921425,3.807001829147339,-0.22444069385528564,1.0
3,52,120.84526,3.8065929412841797,-1.4050511121749878,1.0
3,53,119.445694,3.8123602867126465,0.4740539789199829,1.0
3,54,114.5613,3.8801286220550537,-1.1335902214050293,1.0
3,55,113.21673,3.804992437362671,-1.8875651359558105,1.0
3,56,114.71899,3.8117282390594482,-1.1814193725585938,1.0
3,57,117.351875,3.8084850311279297,-0.6778368949890137,1.0
3,58,120.00713,3.8058784008026123,-1.312072515487671,1.0
3,59,123.948456,3.8095452785491943,-1.9221595525741577,1.0
3,60,128.21811,3.807861566543579,-0.6585041880607605,1.0
3,61,131.11177,3.804926633834839,-0.7271245718002319,1.0
3,62,133.80135,3.8081836700439453,-1.3043173551559448,1.0
3,63,137.93938,3.8094077110290527,-2.45271635055542,1.0
3,64,143.40244,3.8060543537139893,-1.2482433319091797,1.0
3,65,149.9013,3.803328275680542,-1.7839672565460205,1.0
3,66,157.24606,3.8012497425079346,-1.863316297531128,1.0
3,67,163.85321,3.7998130321502686,-0.5728931427001953,1.0
3,68,167.86508,3.796211004257202,-2.918743133544922,1.0
3,69,172.65872,3.8019514083862305,-0.9395087957382202,1.0
3,70,178.49326,3.798996686935425,-1.5864790678024292,1.0
3,71,180.26042,3.798462152481079,0.3564497232437134,-1.0
3,72,170.39098,3.801240921020508,-0.5725601315498352,1.0
3,73,161.54398,3.8143844604492188,-1.6537854671478271,1.0
3,74,158.66179,3.814329147338867,-1.0939210653305054,1.0
3,75,157.5242,3.8076181411743164,-0.22291529178619385,1.0
3,76,154.12541,3.803226947784424,-1.155203104019165,1.0
3,77,153.92232,3.8061866760253906,-1.5753365755081177,1.0
3,78,155.89162,3.8035521507263184,-0.7229690551757812,1.0
3,79,158.13393,3.8006210327148438,-2.040379285812378,1.0
3,80,162.2264,3.8027026653289795,-2.410794496536255,1.0
3,81,166.92447,3.799875497817993,-0.6817104816436768,1.0
3,82,170.49313,3.797030210494995,-1.300391435623169,1.0
3,83,175.44693,3.8005807399749756,-1.3749181032180786,1.0
3,84,182.02634,3.7984373569488525,-1.292979121208191,-1.0
3,85,186.2051,3.797346591949463,-0.09989964962005615,-1.0
3,86,183.20522,3.795250654220581,-2.088690996170044,-1.0
3,87,182.4718,3.8053781986236572,-2.152496099472046,-1.0
3,88,182.2334,3.800835609436035,-0.2429203987121582,-1.0
3,89,178.16246,3.79997181892395,-3.2658305168151855,1.0
3,90,173.83612,3.8054006099700928,-0.0813513994216919,1.0
3,91,164.57263,3.8020715713500977,-0.49369382858276367,1.0
3,92,153.36794,3.809692621231079,0.06228828430175781,1.0
3,93,142.12767,3.8094165325164795,-2.4869861602783203,1.0
3,94,137.514,3.8081777095794678,-3.4696035385131836,1.0
3,95,137.59647,3.8073880672454834,-1.1942496299743652,1.0
3,96,136.84103,3.8037822246551514,0.343827486038208,1.0
3,97,131.46667,3.8091142177581787,-1.995224952697754,1.0
3,98,133.75957,3.8095896244049072,-2.2012205123901367,1.0
3,99,151.8957,3.8101041316986084,-2.543088436126709,1.0
3,100,169.28188,3.8054230213165283,-1.2399933338165283,1.0
3,101,184.11372,3.8002634048461914,-2.258068561553955,-1.0
3,102,195.5468,3.7969677448272705,-1.6924219131469727,-1.0
3,103,202.70619,3.7958292961120605,-2.378721237182617,-1.0
3,104,204.62958,3.7953951358795166,-2.161388397216797,-1.0
3,105,200.26845,3.7955262660980225,-3.25665020942688,-1.0
3,106,188.48811,3.7961394786834717,-2.1337411403656006,-1.0
3,107,189.9671,3.797227144241333,-2.412808895111084,-1.0
3,108,198.8364,3.797081708908081,-1.1907316446304321,-1.0
3,109,209.37627,3.7967002391815186,-1.2184981107711792,-1.0
3,110,220.67282,3.796447992324829,-1.6135690212249756,-1.0
3,111,225.56664,3.7963168621063232,0.3069800138473511,-1.0
3,112,213.96587,3.790883779525757,-0.8804894685745239,-1.0
3,113,201.57578,3.8063647747039795,-0.4229732155799866,-1.0
3,114,186.50337,3.8061556816101074,-0.0012049674987792969,-1.0
3,115,167.02174,3.810253858566284,-0.01344311237335205,1.0
3,116,150.44176,3.8096981048583984,-1.2342727184295654,1.0
3,117,137.77335,3.8062775135040283,0.9881714582443237,1.0
3,118,123.141495,3.875227928161621,-2.4409871101379395,1.0
3,119,116.64033,3.8078768253326416,-2.34768009185791,1.0
3,120,115.18214,3.8030879497528076,-0.886167049407959,1.0
3,121,116.22718,3.8032329082489014,-1.4589500427246094,1.0
3,122,119.21062,3.8060812950134277,-2.21000599861145,1.0
3,123,123.57868,3.806607961654663,-2.023643732070923,1.0
3,124,128.97647,3.8059186935424805,-1.7384839057922363,1.0
3,125,135.19482,3.8046984672546387,-1.425262212753296,1.0
3,126,142.10689,3.803297758102417,-1.9103068113327026,1.0
3,127,144.01074,3.8019373416900635,0.9214764833450317,1.0
3,128,136.08124,3.8425042629241943,-1.5836639404296875,1.0
3,129,131.4568,3.8139095306396484,-0.6835305690765381,1.0
3,130,129.53052,3.8148767948150635,-0.9521946907043457,1.0
3,131,130.41805,3.813474178314209,-0.9722552299499512,1.0
3,132,133.00604,3.8089869022369385,-0.8350129127502441,1.0
3,133,136.38887,3.8036601543426514,-1.7988636493682861,1.0
3,134,141.1559,3.8055546283721924,-1.2782342433929443,1.0
3,135,146.91228,3.803476572036743,-0.9301981925964355,1.0
3,136,158.74701,3.8013055324554443,-1.036996603012085,1.0
3,137,189.54263,3.800218343734741,-1.807722806930542,-1.0
3,138,218.64854,3.7964353561401367,-2.4021787643432617,-1.0
3,139,242.4233,3.794694185256958,-0.8795623183250427,-1.0
3,140,258.66226,3.791578769683838,-3.1830036640167236,-1.0
3,141,267.767,3.793665647506714,-2.362006902694702,-1.0
3,142,268.88745,3.7938287258148193,-1.362669825553894,-1.0
3,143,260.59995,3.794405460357666,-1.666576623916626,-1.0
3,144,241.29105,3.795097589492798,-2.9142799377441406,-1.0
3,145,239.29164,3.796036958694458,-1.8995826244354248,-1.0
3,146,242.05814,3.796297311782837,0.07508611679077148,-1.0
3,147,227.76068,3.7859385013580322,-0.11969375610351562,-1.0
3,148,206.84285,3.807680606842041,-2.4464287757873535,-1.0
3,149,195.34193,3.8102376461029053,-1.544703722000122,-1.0
3,150,192.23378,3.803232431411743,-3.7634694576263428,-1.0
3,151,192.55142,3.7973012924194336,-0.6168968081474304,-1.0
3,152,192.32297,3.7903125286102295,-1.9168570041656494,-1.0
3,153,194.7159,3.7956645488739014,-1.2985095977783203,-1.0
3,154,192.33833,3.7952661514282227,0.7146949768066406,-1.0
3,155,173.68547,3.802870512008667,-0.1711893081665039,1.0
3,156,156.35005,3.8131601810455322,-1.7325522899627686,1.0
3,157,148.73463,3.815772294998169,-2.383877754211426,1.0
3,158,144.99367,3.811875104904175,-0.16387295722961426,1.0
3,159,139.92949,3.8042943477630615,-0.82053142786026,1.0
3,160,132.53609,3.804507255554199,1.7044328451156616,1.0
3,161,120.64336,3.8775644302368164,-1.7412993907928467,1.0
3,162,115.359406,3.8088295459747314,-0.9961802959442139,1.0
3,163,114.21835,3.805210828781128,-0.7604100704193115,1.0
3,164,113.778534,3.80269455909729,-0.4459770917892456,1.0
3,165,111.01564,3.804734945297241,0.2253795862197876,1.0
3,166,106.73993,3.8805480003356934,-1.285083532333374,1.0
3,167,105.899994,3.8024556636810303,-1.5754973888397217,1.0
3,168,106.11484,3.8084044456481934,-0.2034991979598999,1.0
3,169,105.54254,3.8270962238311768,-0.9698790907859802,1.0
3,170,106.91797,3.8048980236053467,-3.2109906673431396,1.0
3,171,108.38398,3.809936761856079,-0.16118848323822021,1.0
3,172,108.39405,3.820223093032837,-1.7277982234954834,1.0
3,173,110.231255,3.8105058670043945,-3.265256643295288,1.0
3,174,113.659454,3.8115625381469727,-1.9049439430236816,1.0
3,175,118.23117,3.8099050521850586,-1.7124313116073608,1.0
3,176,121.63625,3.807905673980713,-0.09275543689727783,1.0
3,177,117.73857,3.808015823364258,0.95832359790802,1.0
3,178,109.215004,3.8816046714782715,-2.4586992263793945,1.0
3,179,103.11611,3.8485374450683594,0.5075000524520874,1.0
3,180,94.75643,3.8757662773132324,0.4682735204696655,1.0
3,181,87.965775,3.863630533218384,-1.4789701700210571,1.0
3,182,85.79091,3.867835760116577,-2.0583558082580566,1.0
3,183,86.319595,3.845529556274414,-1.428612470626831,1.0
3,184,88.46303,3.8092966079711914,-1.5538814067840576,1.0
3,185,91.67488,3.8119564056396484,-0.9853998422622681,1.0
3,186,95.6596,3.8114054203033447,-2.0922250747680664,1.0
3,187,100.299484,3.8109591007232666,-2.327630043029785,1.0
3,188,105.49688,3.8102362155914307,-1.5608710050582886,1.0
3,189,111.18912,3.8094160556793213,-1.1322100162506104,1.0
3,190,117.33869,3.8083558082580566,-2.8821542263031006,1.0
3,191,123.92467,3.807080030441284,-2.0803189277648926,1.0
3,192,130.26382,3.805657148361206,-0.7270728945732117,1.0
3,193,135.65836,3.8027563095092773,-1.8406169414520264,1.0
3,194,141.70422,3.806112051010132,-2.574028491973877,1.0
3,195,148.57066,3.8036913871765137,-2.1760334968566895,1.0
3,196,156.16023,3.801835060119629,-1.1346356868743896,1.0
3,197,164.39656,3.8002476692199707,-1.5144065618515015,1.0
3,198,173.23138,3.7990496158599854,-1.445127010345459,1.0
3,199,182.63614,3.798149347305298,-3.162025213241577,-1.0
3,200,192.59557,3.7974679470062256,-2.7122693061828613,-1.0
3,201,203.10344,3.796967029571533,-1.7768867015838623,-1.0
3,202,207.9802,3.796619176864624,0.284224271774292,-1.0
3,203,199.26964,3.793632745742798,-1.8017778396606445,-1.0
3,204,193.48233,3.8081319332122803,-1.6661105155944824,-1.0
3,205,193.17104,3.802171230316162,-1.521826982498169,-1.0
3,206,196.70297,3.7982757091522217,-1.436855435371399,-1.0
3,207,202.79219,3.795837879180908,-2.235703945159912,-1.0
3,208,203.44502,3.794513702392578,0.5421584844589233,-1.0
3,209,184.47626,3.7983033657073975,0.3031224012374878,-1.0
3,210,159.8203,3.8134891986846924,-0.3982929587364197,1.0
3,211,143.89449,3.8142290115356445,-2.4788050651550293,1.0
3,212,137.74953,3.8146629333496094,-1.7898950576782227,1.0
3,213,137.11902,3.809910535812378,-1.5658690929412842,1.0
3,214,139.56758,3.8028862476348877,-2.955655097961426,1.0
3,215,143.96431,3.8022639751434326,-1.7009073495864868,1.0
3,216,149.73422,3.8014204502105713,-1.216199517250061,1.0
3,217,151.22769,3.8004331588745117,0.7029253244400024,1.0
3,218,143.47595,3.8110573291778564,-1.3517838716506958,1.0
3,219,139.73637,3.8167598247528076,-1.677297592163086,1.0
3,220,140.2276,3.81451678276062,-1.4270851612091064,1.0
3,221,141.43906,3.8089792728424072,-0.30506283044815063,1.0
3,222,144.93283,3.8044097423553467,-0.7133288979530334,1.0
3,223,164.56699,3.807121515274048,-1.0531132221221924,1.0
3,224,181.70201,3.8064136505126953,-0.5817011594772339,-1.0
3,225,192.74501,3.8010752201080322,-1.85320246219635,-1.0
3,226,200.44632,3.8014075756073,-2.589449882507324,-1.0
3,227,204.32574,3.796674966812134,-1.6230343580245972,-1.0
3,228,203.10077,3.7955307960510254,-1.6631875038146973,-1.0
3,229,195.41136,3.79541015625,-1.9530709981918335,-1.0
3,230,179.85019,3.796074390411377,-2.982678174972534,1.0
3,231,179.62268,3.7975833415985107,-1.3497968912124634,1.0
3,232,187.64655,3.797435760498047,-1.8809276819229126,-1.0
3,233,197.4155,3.796962261199951,-2.632427215576172,-1.0
3,234,207.96846,3.7966196537017822,-1.5839974880218506,-1.0
3,235,216.89786,3.7963900566101074,-0.5525423288345337,-1.0
3,236,220.7837,3.788959264755249,-1.7124780416488647,-1.0
3,237,225.37054,3.796459436416626,-1.8759496212005615,-1.0
3,238,232.15419,3.795442581176758,-1.2071709632873535,-1.0
3,239,234.05975,3.7953267097473145,0.21189868450164795,-1.0
3,240,221.55125,3.790184259414673,-2.201244354248047,-1.0
3,241,212.4318,3.802367687225342,-0.9261535406112671,-1.0
3,242,209.31372,3.7978622913360596,-2.416808605194092,-1.0
3,243,211.08986,3.7959797382354736,-2.607177734375,-1.0
3,244,216.24266,3.7941644191741943,-2.161325216293335,-1.0
3,245,223.71461,3.7933006286621094,-2.4573607444763184,-1.0
3,246,229.02979,3.7942497730255127,-0.28956758975982666,-1.0
3,247,221.52718,3.78629469871521,-0.09757637977600098,-1.0
3,248,206.00513,3.8022477626800537,-1.128679633140564,-1.0
3,249,197.27682,3.8068277835845947,-1.1826043128967285,-1.0
3,250,195.57487,3.8008596897125244,-1.9607508182525635,-1.0
3,251,193.33826,3.796431303024292,0.15294063091278076,-1.0
3,252,183.42744,3.796234130859375,-1.7821919918060303,-1.0
3,253,176.32672,3.806211233139038,-0.5240500569343567,1.0
3,254,170.40527,3.803298234939575,-0.8385716676712036,1.0
3,255,163.44757,3.805607318878174,0.2688041925430298,1.0
3,256,152.46742,3.804744005203247,-2.852264881134033,1.0
3,257,147.4308,3.808250904083252,-1.6067900657653809,1.0
3,258,147.36661,3.8064353466033936,-1.450595498085022,1.0
3,259,149.26558,3.803367853164673,-0.6475757956504822,1.0
3,260,150.99443,3.799846887588501,-1.8840663433074951,1.0
3,261,154.58228,3.8035123348236084,-1.294084906578064,1.0
3,262,159.18753,3.80155873298645,-0.7737168073654175,1.0
3,263,163.52672,3.798868417739868,-1.9181370735168457,1.0
3,264,169.14648,3.8008689880371094,-2.355717658996582,1.0
3,265,175.59253,3.7988760471343994,-0.8594146966934204,1.0
3,266,181.93036,3.7963366508483887,-1.1721785068511963,-1.0
3,267,189.28645,3.7977945804595947,-1.7675058841705322,-1.0
3,268,197.79002,3.796795129776001,-1.9508376121520996,-1.0
3,269,207.28833,3.796354055404663,-1.5776325464248657,-1.0
3,270,217.65024,3.7960708141326904,-2.1034035682678223,-1.0
3,271,228.78659,3.7959694862365723,-1.8743571043014526,-1.0
3,272,239.52309,3.796010732650757,-0.803702712059021,-1.0
3,273,247.96738,3.791715621948242,-1.8433363437652588,-1.0
3,274,256.8995,3.795692205429077,-3.782520294189453,-1.0
3,275,267.22827,3.7956957817077637,-1.9943227767944336,-1.0
3,276,273.12527,3.796077013015747,-0.14980387687683105,-1.0
3,277,265.21167,3.782273530960083,-1.9670658111572266,-1.0
3,278,255.2515,3.794337511062622,-0.4256899952888489,-1.0
3,279,242.85144,3.7890913486480713,-1.409926176071167,-1.0
3,280,236.49084,3.7946536540985107,-1.4702788591384888,-1.0
3,281,236.48732,3.7923974990844727,-2.6447057723999023,-1.0
3,282,240.88951,3.7913122177124023,-2.2016689777374268,-1.0
3,283,248.2507,3.792814016342163,-1.1058074235916138,-1.0
3,284,257.7013,3.7937488555908203,-1.03718101978302,-1.0
3,285,268.72577,3.7948708534240723,-1.4083149433135986,-1.0
3,286,281.00897,3.7956933975219727,-2.5683069229125977,-1.0
3,287,290.90283,3.7964086532592773,-0.5287864804267883,-1.0
4,1,101.75742,3.8841655254364014,-2.7451775074005127,1.0
4,2,101.596016,3.810373544692993,0.5843021869659424,1.0
4,3,99.07705,3.886941432952881,-1.9456032514572144,1.0
4,4,99.25053,3.8437564373016357,-2.3544821739196777,1.0
4,5,101.4327,3.8086917400360107,-1.160639762878418,1.0
4,6,103.55895,3.8113560676574707,-0.16031134128570557,1.0
4,7,103.70427,3.83657169342041,-0.5229191780090332,1.0
4,8,104.24725,3.8341639041900635,-1.4460899829864502,1.0
4,9,105.07892,3.809626817703247,-0.09996068477630615,1.0
4,10,104.96718,3.860410213470459,-1.3424906730651855,1.0
4,11,106.8025,3.805899143218994,-1.483872890472412,1.0
4,12,109.31195,3.8120498657226562,-0.5111836194992065,1.0
4,13,110.25909,3.809476852416992,-0.3192925453186035,1.0
4,14,110.60194,3.826005220413208,-1.9931974411010742,1.0
4,15,111.405716,3.810598850250244,-0.22440695762634277,1.0
4,16,111.47658,3.826629400253296,-1.9239656925201416,1.0
4,17,113.529785,3.8103697299957275,-1.3203680515289307,1.0
4,18,117.187225,3.8116376399993896,-1.9320273399353027,1.0
4,19,122.00043,3.810032606124878,-1.302809715270996,1.0
4,20,127.63576,3.808332681655884,-0.9679431319236755,1.0
4,21,133.87314,3.806382894515991,-1.0339481830596924,1.0
4,22,140.78271,3.805298089981079,-3.8265810012817383,1.0
4,23,148.31764,3.80352520942688,-2.0350799560546875,1.0
4,24,156.43279,3.8019168376922607,-1.1455450057983398,1.0
4,25,165.10155,3.800485372543335,-2.1815555095672607,1.0
4,26,174.31078,3.799262762069702,-1.9766976833343506,1.0
4,27,184.0566,3.798239231109619,-1.4859256744384766,-1.0
4,28,194.34157,3.797405958175659,-1.671008586883545,-1.0
4,29,204.3729,3.7967512607574463,-0.8196291327476501,-1.0
4,30,213.04468,3.793262481689453,-1.593923807144165,-1.0
4,31,222.35594,3.7961699962615967,-2.910897731781006,-1.0
4,32,232.76396,3.795542001724243,-2.78161883354187,-1.0
4,33,244.19475,3.7953851222991943,-1.131136417388916,-1.0
4,34,256.30634,3.795341968536377,-0.9605069160461426,-1.0
4,35,268.6321,3.794520139694214,-2.4014670848846436,-1.0
4,36,281.70602,3.795607089996338,-3.144895076751709,-1.0
4,37,294.9436,3.7959892749786377,-0.8965493440628052,-1.0
4,38,307.00592,3.79367995262146,-1.1645708084106445,-1.0
4,39,315.68497,3.796290397644043,-0.4922890067100525,-1.0
4,40,314.87344,3.784355401992798,-2.710759401321411,-1.0
4,41,314.97983,3.7937285900115967,-2.547232151031494,-1.0
4,42,319.3718,3.793943166732788,-1.0659860372543335,-1.0
4,43,327.60318,3.7947850227355957,-1.677477240562439,-1.0
4,44,338.76724,3.79559063911438,-1.4305410385131836,-1.0
4,45,352.1532,3.796408176422119,-1.462083339691162,-1.0
4,46,362.12427,3.797698736190796,-0.44896090030670166,-1.0
4,47,358.99747,3.7837562561035156,-1.5320628881454468,-1.0
4,48,350.9858,3.7940831184387207,-0.4529566168785095,-1.0
4,49,335.51956,3.7822043895721436,-1.8058383464813232,-1.0
4,50,325.58704,3.791084051132202,-2.0478036403656006,-1.0
4,51,323.77432,3.791219711303711,-1.384560227394104,-1.0
4,52,328.16714,3.7918455600738525,-2.397099494934082,-1.0
4,53,333.3438,3.7937915325164795,-0.583700954914093,-1.0
4,54,326.7869,3.7838938236236572,-0.3676638603210449,-1.0
4,55,309.26657,3.7818338871002197,-2.2472946643829346,-1.0
4,56,297.7159,3.790419340133667,-2.198538303375244,-1.0
4,57,294.81882,3.7907345294952393,-1.0315699577331543,-1.0
4,58,298.26108,3.7914135456085205,-1.806614875793457,-1.0
4,59,305.95145,3.7920024394989014,-2.3719983100891113,-1.0
4,60,316.56784,3.7935917377471924,-2.381101608276367,-1.0
4,61,329.3202,3.795365571975708,-2.7365119457244873,-1.0
4,62,343.72885,3.7966737747192383,-3.045342445373535,-1.0
4,63,355.80032,3.797731876373291,-0.5955825448036194,-1.0
4,64,358.49225,3.7871384620666504,-1.788945198059082,-1.0
4,65,361.05255,3.7954394817352295,-2.1550309658050537,-1.0
4,66,367.2504,3.7960879802703857,-1.3682359457015991,-1.0
4,67,377.1044,3.7971346378326416,-1.626596450805664,-1.0
4,68,389.91522,3.7979090213775635,-1.5255986452102661,-1.0
4,69,404.9547,3.79862904548645,-0.9927498698234558,-1.0
4,70,413.35223,3.7994678020477295,-0.2534501552581787,-1.0
4,71,397.81894,3.780769109725952,-0.827910840511322,-1.0
4,72,377.24432,3.7889294624328613,-2.458334445953369,-1.0
4,73,364.6094,3.7922418117523193,-0.9333540797233582,-1.0
4,74,358.14368,3.791382074356079,-0.824570894241333,-1.0
4,75,354.31232,3.788325071334839,-1.8579990863800049,-1.0
4,76,342.50204,3.791841745376587,0.47537434101104736,-1.0
4,77,297.0387,3.777447462081909,0.03666543960571289,-1.0
4,78,243.20251,3.8069493770599365,-0.09852015972137451,-1.0
4,79,204.72055,3.812164068222046,-1.1972686052322388,-1.0
4,80,184.85327,3.8140294551849365,-0.30094146728515625,-1.0
4,81,172.31943,3.8057570457458496,-2.1412291526794434,1.0
4,82,167.82921,3.8032891750335693,-1.432213544845581,1.0
4,83,168.57117,3.7994706630706787,-1.6482188701629639,1.0
4,84,172.46075,3.7979586124420166,-1.1422547101974487,1.0
4,85,177.14334,3.7971267700195312,-0.6486961245536804,1.0
4,86,180.60265,3.794663190841675,-1.4740841388702393,-1.0
4,87,183.40785,3.7992193698883057,-0.4099351167678833,-1.0
4,88,180.79953,3.7976505756378174,-0.34474706649780273,-1.0
4,89,175.83397,3.8068177700042725,-1.9258689880371094,1.0
4,90,175.02611,3.809563636779785,-1.7022745609283447,1.0
4,91,177.92563,3.8031394481658936,-1.6799025535583496,1.0
4,92,179.87885,3.7992985248565674,-0.08512389659881592,1.0
4,93,173.95772,3.798095941543579,-0.25927674770355225,1.0
4,94,166.04678,3.808896541595459,-0.9149848818778992,1.0
4,95,162.89694,3.8131535053253174,-3.2300527095794678,1.0
4,96,162.95436,3.8089115619659424,-0.64442378282547,1.0
4,97,163.63802,3.8029792308807373,-1.9759260416030884,1.0
4,98,165.75595,3.802311658859253,-0.6784573793411255,1.0
4,99,167.89026,3.7990832328796387,-1.7382031679153442,1.0
4,100,174.89043,3.80236554145813,-0.6243205666542053,1.0
4,101,190.74692,3.798788547515869,-0.15976214408874512,-1.0
4,102,199.0512,3.8036859035491943,-1.4634522199630737,-1.0
4,103,200.63652,3.8072712421417236,0.45350754261016846,-1.0
4,104,191.15707,3.8071162700653076,-2.8979649543762207,-1.0
4,105,184.08998,3.8151814937591553,-1.1843843460083008,-1.0
4,106,178.33981,3.8067636489868164,-1.3273046016693115,1.0
4,107,171.28062,3.8016014099121094,-1.883292555809021,1.0
4,108,158.74,3.8004281520843506,-0.2616407871246338,1.0
4,109,151.85748,3.8003265857696533,-0.36680054664611816,1.0
4,110,148.12894,3.809502601623535,-0.8462492823600769,1.0
4,111,147.4562,3.8130552768707275,-2.515376329421997,1.0
4,112,149.86467,3.8110897541046143,-1.619964838027954,1.0
4,113,154.43504,3.8060333728790283,-1.6512258052825928,1.0
4,114,159.36334,3.801985025405884,-0.6268267631530762,1.0
4,115,163.07245,3.798990488052368,-1.771855115890503,1.0
4,116,168.1849,3.803243637084961,-1.3037861585617065,1.0
4,117,174.83887,3.8004839420318604,-2.022134780883789,1.0
4,118,182.72458,3.7986440658569336,-1.493942379951477,-1.0
4,119,191.61838,3.7973031997680664,-1.2828727960586548,-1.0
4,120,201.37827,3.796464204788208,-1.7820864915847778,-1.0
4,121,211.91498,3.7959940433502197,-1.627068042755127,-1.0
4,122,221.7412,3.7956979274749756,-0.7114064693450928,-1.0
4,123,228.75194,3.7904212474823,-1.0332742929458618,-1.0
4,124,236.53636,3.7955005168914795,-1.6720830202102661,-1.0
4,125,245.77766,3.7949326038360596,-0.9693436622619629,-1.0
4,126,256.03796,3.794278860092163,-2.393515110015869,-1.0
4,127,263.15295,3.7949631214141846,-0.30296552181243896,-1.0
4,128,254.28004,3.7837069034576416,0.04082334041595459,-1.0
4,129,233.982,3.799084186553955,-2.076723575592041,-1.0
4,130,214.88765,3.8044188022613525,0.4591481685638428,-1.0
4,131,191.95363,3.8085577487945557,-1.671338438987732,-1.0
4,132,179.53331,3.814633846282959,-0.8201013207435608,1.0
4,133,174.57236,3.802528142929077,-1.7912566661834717,1.0
4,134,174.91211,3.799617052078247,-2.37261962890625,1.0
4,135,174.71747,3.7975852489471436,0.08224976062774658,1.0
4,136,173.5615,3.798598051071167,-0.7358861565589905,1.0
4,137,188.31258,3.808717966079712,-0.4478145241737366,-1.0
4,138,199.25851,3.8066699504852295,-2.24721097946167,-1.0
4,139,208.98184,3.8062541484832764,-1.6013319492340088,-1.0
4,140,216.75832,3.7980048656463623,-1.1541659832000732,-1.0
4,141,221.09143,3.793142080307007,-1.85292387008667,-1.0
4,142,220.54716,3.7929046154022217,-1.6555885076522827,-1.0
4,143,213.72021,3.793393611907959,-1.2038387060165405,-1.0
4,144,199.18243,3.794497489929199,-2.3646481037139893,-1.0
4,145,197.70078,3.795994520187378,-0.45975369215011597,-1.0
4,146,199.39458,3.7912261486053467,-2.6707377433776855,-1.0
4,147,199.81142,3.798828363418579,-0.15193963050842285,-1.0
4,148,194.88918,3.7987940311431885,-1.522163987159729,-1.0
4,149,189.48615,3.805644989013672,-0.004169344902038574,-1.0
4,150,180.4503,3.8057193756103516,-2.7175426483154297,-1.0
4,151,176.78198,3.8098948001861572,-1.243527889251709,1.0
4,152,177.97612,3.8036749362945557,-2.344001293182373,1.0
4,153,182.29593,3.798306941986084,-1.0794199705123901,-1.0
4,154,186.20358,3.7968220710754395,-0.3613443374633789,-1.0
4,155,186.30296,3.7940890789031982,-3.0954484939575195,-1.0
4,156,188.58658,3.8015780448913574,-1.1137683391571045,-1.0
4,157,193.39636,3.7985196113586426,-0.9520493745803833,-1.0
4,158,199.80272,3.796241521835327,-2.584902763366699,-1.0
4,159,207.25842,3.7957894802093506,-0.8835088610649109,-1.0
4,160,214.81657,3.793217658996582,-1.8918724060058594,-1.0
4,161,223.5615,3.7951881885528564,-1.2785000801086426,-1.0
4,162,232.24593,3.7949068546295166,-0.740689218044281,-1.0
4,163,232.77187,3.790107488632202,0.10206341743469238,-1.0
4,164,221.40732,3.794585943222046,-2.1172118186950684,-1.0
4,165,214.69342,3.803825855255127,-1.4191752672195435,-1.0
4,166,214.3296,3.798574686050415,-1.9477145671844482,-1.0
4,167,213.97276,3.795278787612915,-0.1013786792755127,-1.0
4,168,201.08833,3.7931671142578125,0.3811805248260498,-1.0
4,169,181.46368,3.806736469268799,-1.7228047847747803,-1.0
4,170,171.56503,3.814934492111206,-1.6084153652191162,1.0
4,171,169.3269,3.8101956844329834,-2.7463622093200684,1.0
4,172,170.71968,3.803323984146118,-0.786547064781189,1.0
4,173,173.29811,3.79650616645813,-1.5748562812805176,1.0
4,174,178.02007,3.798583984375,-2.6966891288757324,1.0
4,175,184.58876,3.7974374294281006,-1.934955358505249,-1.0
4,176,186.94594,3.7966325283050537,0.4053844213485718,-1.0
4,177,179.05495,3.800797462463379,-1.1444274187088013,1.0
4,178,175.16829,3.8142149448394775,-1.551405429840088,1.0
4,179,176.1109,3.807695150375366,-1.8186895847320557,1.0
4,180,180.22963,3.8021106719970703,-1.550619125366211,-1.0
4,181,186.47978,3.798280715942383,-1.1571359634399414,-1.0
4,182,194.27866,3.796032667160034,-2.998459815979004,-1.0
4,183,203.28813,3.7956912517547607,-2.120365619659424,-1.0
4,184,213.30275,3.7954399585723877,-1.228926420211792,-1.0
4,185,223.40681,3.7952992916107178,-0.8425734639167786,-1.0
4,186,232.35808,3.79221773147583,-1.7268967628479004,-1.0
4,187,241.08006,3.795177936553955,-0.820589542388916,-1.0
4,188,248.54344,3.791344404220581,-1.7693113088607788,-1.0
4,189,257.1651,3.79480242729187,-2.137263774871826,-1.0
4,190,267.48355,3.7946994304656982,-2.3064002990722656,-1.0
4,191,279.30255,3.7950241565704346,-1.7543106079101562,-1.0
4,192,292.38895,3.7954680919647217,-2.8227388858795166,-1.0
4,193,306.5694,3.7960281372070312,-2.6352362632751465,-1.0
4,194,321.7254,3.7967278957366943,-2.8903656005859375,-1.0
4,195,337.77768,3.7974486351013184,-1.579416275024414,-1.0
4,196,339.98953,3.798180103302002,0.6656522750854492,-1.0
4,197,306.34366,3.7787179946899414,-1.2422374486923218,-1.0
4,198,275.19836,3.7953062057495117,-0.48782533407211304,-1.0
4,199,250.53409,3.7945058345794678,-0.7222869396209717,-1.0
4,200,232.65402,3.7968809604644775,-0.5630971193313599,-1.0
4,201,220.04422,3.795804977416992,-1.0582324266433716,-1.0
4,202,215.47948,3.7900967597961426,-1.1819102764129639,-1.0
4,203,209.64084,3.7901718616485596,0.5291711091995239,-1.0
4,204,193.42447,3.797813653945923,-1.157397747039795,-1.0
4,205,184.41216,3.809458017349243,-1.5484716892242432,-1.0
4,206,182.6286,3.8038108348846436,-2.0302188396453857,-1.0
4,207,185.23811,3.799764394760132,-1.2529966831207275,-1.0
4,208,189.2339,3.7967445850372314,-0.6580470204353333,-1.0
4,209,192.15286,3.7923882007598877,-3.0014376640319824,-1.0
4,210,196.08054,3.797170400619507,-0.7948575019836426,-1.0
4,211,200.16667,3.794349431991577,-2.4301929473876953,-1.0
4,212,206.12033,3.7965471744537354,-2.052859306335449,-1.0
4,213,213.82544,3.795353651046753,-0.9751249551773071,-1.0
4,214,222.74072,3.7944400310516357,-2.4450371265411377,-1.0
4,215,222.83875,3.7948105335235596,0.954397439956665,-1.0
4,216,203.16818,3.800971031188965,-1.1912761926651,-1.0
4,217,190.62753,3.8176982402801514,-1.4925485849380493,-1.0
4,218,186.8795,3.810239553451538,-2.1770076751708984,-1.0
4,219,188.42618,3.8026862144470215,-1.8131815195083618,-1.0
4,220,193.1844,3.7974863052368164,-2.0236291885375977,-1.0
4,221,197.9412,3.7945170402526855,-0.4974614977836609,-1.0
4,222,199.51276,3.791193723678589,-1.4322129487991333,-1.0
4,223,202.41023,3.7978477478027344,-0.8665192723274231,-1.0
4,224,206.52554,3.7949178218841553,-1.6292208433151245,-1.0
4,225,218.64726,3.7958741188049316,-1.3649969100952148,-1.0
4,226,251.88925,3.7944068908691406,-2.3976848125457764,-1.0
4,227,280.388,3.792980432510376,-0.2819007635116577,-1.0
4,228,292.85123,3.782224655151367,-2.262478828430176,-1.0
4,229,299.67523,3.7913661003112793,-3.011570453643799,-1.0
4,230,297.85867,3.791008949279785,-0.250443696975708,-1.0
4,231,280.22458,3.782510995864868,-2.2902536392211914,-1.0
4,232,259.11557,3.7914955615997314,-1.0667539834976196,-1.0
4,233,235.0781,3.7907445430755615,-1.381095290184021,-1.0
4,234,230.25206,3.792998790740967,-1.4121407270431519,-1.0
4,235,236.36792,3.793341875076294,-0.9792121648788452,-1.0
4,236,239.3572,3.793027400970459,0.11054384708404541,-1.0
4,237,229.854,3.78838849067688,-2.0810916423797607,-1.0
4,238,223.94252,3.800236463546753,-2.23173189163208,-1.0
4,239,224.04388,3.796351432800293,-1.0424656867980957,-1.0
4,240,219.15353,3.7943732738494873,0.8424777984619141,-1.0
4,241,197.93564,3.80265736579895,-0.8207265138626099,-1.0
4,242,183.70068,3.8136141300201416,-1.6094639301300049,-1.0
4,243,178.79053,3.8105826377868652,-2.148552179336548,1.0
4,244,179.53212,3.804110527038574,-2.6663222312927246,1.0
4,245,183.63152,3.7987663745880127,-1.6222739219665527,-1.0
4,246,189.93408,3.795487642288208,-1.0005909204483032,-1.0
4,247,197.31903,3.7952933311462402,-0.8799054622650146,-1.0
4,248,201.65451,3.793562650680542,-0.29142916202545166,-1.0
4,249,200.24875,3.793382406234741,-0.9933055639266968,-1.0
4,250,201.1582,3.8010265827178955,-3.2544138431549072,-1.0
4,251,205.38455,3.7976996898651123,-2.2555015087127686,-1.0
4,252,212.0898,3.7958531379699707,-2.078084945678711,-1.0
4,253,220.60886,3.7947657108306885,-2.1582796573638916,-1.0
4,254,230.52798,3.7943801879882812,-2.0285441875457764,-1.0
4,255,240.85477,3.7946627140045166,-0.8665640950202942,-1.0
4,256,250.28806,3.792009115219116,-2.139899730682373,-1.0
4,257,260.57114,3.7948291301727295,-1.6782299280166626,-1.0
4,258,272.1609,3.794985055923462,-1.7271372079849243,-1.0
4,259,284.96344,3.7954185009002686,-1.8054383993148804,-1.0
4,260,298.83795,3.7958853244781494,-2.1079115867614746,-1.0
4,261,305.74832,3.796459913253784,0.03818917274475098,-1.0
4,262,293.21042,3.7794594764709473,-2.646913528442383,-1.0
4,263,282.67203,3.793144941329956,-2.215916395187378,-1.0
4,264,279.8001,3.7923219203948975,-1.8194103240966797,-1.0
4,265,282.9559,3.792465925216675,-1.7411108016967773,-1.0
4,266,285.9977,3.792651891708374,-0.3951404094696045,-1.0
4,267,281.26797,3.7808337211608887,-1.9136924743652344,-1.0
4,268,279.1143,3.7915005683898926,-1.6398704051971436,-1.0
4,269,270.7761,3.7920265197753906,0.6918976306915283,-1.0
4,270,242.25357,3.7942612171173096,-1.1398290395736694,-1.0
4,271,215.2986,3.8069512844085693,0.65228271484375,-1.0
4,272,179.79227,3.806256055831909,0.8192731142044067,1.0
4,273,147.36763,3.8802642822265625,-0.08270812034606934,1.0
4,274,128.20798,3.8709845542907715,-0.6302681565284729,1.0
4,275,116.84115,3.8547513484954834,0.29735100269317627,1.0
4,276,108.57155,3.870817184448242,-1.6534504890441895,1.0
4,277,105.8898,3.8393661975860596,-3.108250379562378,1.0
4,278,106.535576,3.8011622428894043,-1.1421165466308594,1.0
4,279,108.03963,3.807565450668335,-0.36240965127944946,1.0
4,280,108.71627,3.8107802867889404,-0.781835675239563,1.0
4,281,110.43122,3.808880090713501,-1.1560683250427246,1.0
4,282,113.72806,3.811206102371216,-2.540879249572754,1.0
4,283,117.81191,3.810997724533081,-0.7922002077102661,1.0
4,284,119.65554,3.8085343837738037,0.163629412651062,1.0
4,285,118.47585,3.8377673625946045,-1.9917889833450317,1.0
4,286,119.62652,3.812727212905884,-1.5102239847183228,1.0
4,287,122.80784,3.8148000240325928,-1.4606205224990845,1.0
5,1,57.296806,3.7919580936431885,-2.2376132011413574,-1.0
5,2,58.564808,3.8091721534729004,-1.144248366355896,-1.0
5,3,60.62951,3.853292942047119,-1.1575030088424683,-1.0
5,4,63.278973,3.8576407432556152,-1.5518088340759277,-1.0
5,5,65.924194,3.83495831489563,-0.43554651737213135,-1.0
5,6,67.40163,3.869920253753662,0.0663069486618042,-1.0
5,7,68.286575,3.8482863903045654,-1.4830443859100342,-1.0
5,8,70.21954,3.8729360103607178,-2.0246872901916504,1.0
5,9,72.94296,3.8514065742492676,-0.979284405708313,1.0
5,10,75.14188,3.8241379261016846,0.06966972351074219,1.0
5,11,75.48971,3.881493330001831,-0.21259748935699463,1.0
5,12,75.837006,3.865595579147339,-0.9975507259368896,1.0
5,13,76.77973,3.8725359439849854,-0.2678897976875305,1.0
5,14,77.68524,3.8777968883514404,-2.117852210998535,1.0
5,15,79.65967,3.8536643981933594,-0.8683847188949585,1.0
5,16,82.35331,3.8290646076202393,-3.1162097454071045,1.0
5,17,85.83178,3.8153305053710938,-2.538153648376465,1.0
5,18,89.946106,3.814117670059204,-3.01334285736084,1.0
5,19,92.01011,3.812713861465454,0.7774956226348877,1.0
5,20,90.713684,3.8817079067230225,-2.0656790733337402,1.0
5,21,91.43401,3.857154130935669,-2.0163679122924805,1.0
5,22,93.79646,3.81177020072937,-2.4300827980041504,1.0
5,23,97.28357,3.8128814697265625,-1.800195574760437,1.0
5,24,100.52699,3.8114562034606934,-0.3419554829597473,1.0
5,25,102.36252,3.81776762008667,-0.8232347965240479,1.0
5,26,102.53925,3.8145477771759033,0.35169339179992676,1.0
5,27,99.58169,3.8879451751708984,-0.46596091985702515,1.0
5,28,97.91101,3.874915838241577,-2.4131054878234863,1.0
5,29,98.78996,3.8127434253692627,-2.020996570587158,1.0
5,30,99.488014,3.810149669647217,0.17334914207458496,1.0
5,31,98.48085,3.881917715072632,-1.3179116249084473,1.0
5,32,98.86435,3.806565999984741,-0.5620678663253784,1.0
5,33,99.84345,3.8242993354797363,-1.2594575881958008,1.0
5,34,102.115135,3.808304786682129,-0.8295516967773438,1.0
5,35,104.403336,3.810142755508423,-0.5782564878463745,1.0
5,36,106.54336,3.8105127811431885,-1.5607959032058716,1.0
5,37,109.48402,3.8125436305999756,-0.7494537830352783,1.0
5,38,112.70392,3.810452938079834,-1.7070720195770264,1.0
5,39,114.37466,3.812072992324829,0.2981722354888916,1.0
5,40,112.644745,3.8629887104034424,-1.096827745437622,1.0
5,41,113.27833,3.80945086479187,-1.627634882926941,1.0
5,42,115.99586,3.814915180206299,-1.9558017253875732,1.0
5,43,120.13762,3.810882329940796,-1.2893800735473633,1.0
5,44,125.32675,3.808492660522461,-2.7258596420288086,1.0
5,45,131.34525,3.806411027908325,-1.9873578548431396,1.0
5,46,138.06172,3.8048388957977295,-2.1512887477874756,1.0
5,47,144.83353,3.8032491207122803,-0.8005608320236206,1.0
5,48,150.855,3.8006274700164795,-0.9524363279342651,1.0
5,49,157.28548,3.802408218383789,-1.8529410362243652,1.0
5,50,164.61438,3.8012208938598633,-2.297266960144043,1.0
5,51,172.79176,3.799605131149292,-2.562012195587158,1.0
5,52,181.71988,3.798358678817749,-2.359952926635742,-1.0
5,53,191.3041,3.7974600791931152,-0.9934866428375244,-1.0
5,54,201.4638,3.796739101409912,-1.1537235975265503,-1.0
5,55,212.24097,3.796443223953247,-1.7168726921081543,-1.0
5,56,223.63882,3.796165943145752,-1.5371160507202148,-1.0
5,57,235.6506,3.7960338592529297,-1.8424599170684814,-1.0
5,58,248.27348,3.796022415161133,-2.7612366676330566,-1.0
5,59,261.50903,3.7961313724517822,-2.229118585586548,-1.0
5,60,275.3619,3.796358823776245,-1.2346121072769165,-1.0
5,61,289.83875,3.7966980934143066,-2.487393856048584,-1.0
5,62,304.94727,3.7971396446228027,-1.380557656288147,-1.0
5,63,317.57135,3.797666311264038,-0.6125427484512329,-1.0
5,64,321.9571,3.7876758575439453,-2.146336555480957,-1.0
5,65,310.72086,3.795552968978882,0.8977000713348389,-1.0
5,66,260.89575,3.7902040481567383,0.059214234352111816,-1.0
5,67,218.55612,3.816401243209839,-2.500377655029297,-1.0
5,68,216.09772,3.8169009685516357,-1.4336228370666504,-1.0
5,69,222.81291,3.8047707080841064,-0.5973494648933411,-1.0
5,70,227.26228,3.7954022884368896,-2.028752326965332,-1.0
5,71,231.06783,3.7892909049987793,-1.0239675045013428,-1.0
5,72,233.02107,3.7889602184295654,-1.1648051738739014,-1.0
5,73,231.26625,3.7904574871063232,-1.3089011907577515,-1.0
5,74,224.12672,3.7920210361480713,-2.4101922512054443,-1.0
5,75,203.73329,3.7934868335723877,0.37591123580932617,-1.0
5,76,184.03712,3.797062635421753,-0.6313292384147644,-1.0
5,77,173.25922,3.8136420249938965,-0.9294729828834534,1.0
5,78,169.46004,3.812288284301758,-1.9260854721069336,1.0
5,79,170.47443,3.8065147399902344,-1.827253818511963,1.0
5,80,174.52783,3.800696611404419,-2.515902519226074,1.0
5,81,175.95192,3.796898365020752,0.2340855598449707,1.0
5,82,169.39363,3.799826145172119,-1.2591221332550049,1.0
5,83,164.166,3.8123252391815186,-0.3266943097114563,1.0
5,84,158.94955,3.808156967163086,-1.185003638267517,1.0
5,85,157.14565,3.81213116645813,-0.7356191277503967,1.0
5,86,156.76532,3.805112838745117,-0.8627661466598511,1.0
5,87,158.26558,3.8016512393951416,-1.554473638534546,1.0
5,88,162.13324,3.80216121673584,-1.0455583333969116,1.0
5,89,167.84601,3.799952745437622,-1.7066402435302734,1.0
5,90,174.93509,3.798614740371704,-2.4428088665008545,1.0
5,91,180.87982,3.7975170612335205,-0.42536675930023193,-1.0
5,92,182.76865,3.793886184692383,-1.5237631797790527,-1.0
5,93,186.11797,3.801326036453247,-2.980008602142334,-1.0
5,94,189.90242,3.798475503921509,-0.5613524913787842,-1.0
5,95,189.06908,3.7948415279388428,-0.4346036911010742,-1.0
5,96,185.2982,3.801300287246704,-2.1985371112823486,-1.0
5,97,185.03166,3.8034451007843018,-1.0044419765472412,-1.0
5,98,184.95912,3.7996437549591064,-0.16399383544921875,-1.0
5,99,180.37929,3.7990500926971436,-1.5063879489898682,-1.0
5,100,177.6767,3.8045902252197266,-0.601779043674469,1.0
5,101,175.71007,3.800353765487671,-3.720505714416504,1.0
5,102,177.1023,3.802767276763916,-3.015801429748535,1.0
5,103,181.39275,3.799060583114624,-1.9222488403320312,-1.0
5,104,187.7336,3.7966368198394775,-2.2119617462158203,-1.0
5,105,195.58171,3.796083927154541,-1.8540797233581543,-1.0
5,106,202.79486,3.795679807662964,-0.5981353521347046,-1.0
5,107,206.67633,3.790576696395874,-1.6087486743927002,-1.0
5,108,211.7146,3.7967989444732666,-1.5309579372406006,-1.0
5,109,215.90433,3.7956106662750244,-0.41314560174942017,-1.0
5,110,215.0189,3.7899482250213623,-1.0707862377166748,-1.0
5,111,215.55809,3.797182083129883,-0.8657888770103455,-1.0
5,112,217.87314,3.7935092449188232,-2.066014289855957,-1.0
5,113,222.89824,3.79496169090271,-1.4275885820388794,-1.0
5,114,230.29538,3.794300079345703,-2.8720388412475586,-1.0
5,115,233.1846,3.79419207572937,0.1479402780532837,-1.0
5,116,213.54187,3.7892258167266846,0.8557343482971191,-1.0
5,117,181.81787,3.8115851879119873,-3.4421896934509277,-1.0
5,118,164.95901,3.818828582763672,-2.4960360527038574,1.0
5,119,157.73051,3.8154776096343994,-0.5232123732566833,1.0
5,120,153.50531,3.8062517642974854,-1.379584550857544,1.0
5,121,153.4735,3.802889347076416,-1.1743828058242798,1.0
5,122,156.51904,3.801009178161621,-1.5075358152389526,1.0
5,123,159.36383,3.800109386444092,-0.3087621331214905,1.0
5,124,159.11989,3.798844337463379,-3.2613892555236816,1.0
5,125,157.80826,3.806858539581299,-0.004086971282958984,1.0
5,126,151.37073,3.8059616088867188,-0.5095556974411011,1.0
5,127,144.94539,3.8128139972686768,-0.6038644909858704,1.0
5,128,137.24077,3.811234474182129,0.4429025650024414,1.0
5,129,126.10741,3.868300199508667,-0.356029748916626,1.0
5,130,120.96719,3.8538477420806885,-0.2173711061477661,1.0
5,131,129.54143,3.8645036220550537,-1.953368902206421,1.0
5,132,138.84575,3.794952630996704,-1.252506971359253,1.0
5,133,145.03432,3.8064708709716797,-0.06288599967956543,1.0
5,134,144.83997,3.8011269569396973,-0.6963523030281067,1.0
5,135,142.44704,3.8055176734924316,-2.312553882598877,1.0
5,136,137.87831,3.8087239265441895,-0.6392030119895935,1.0
5,137,127.99646,3.8066489696502686,-0.3286566734313965,1.0
5,138,110.14591,3.809739828109741,0.6292606592178345,1.0
5,139,100.8435,3.8819220066070557,-1.7739614248275757,1.0
5,140,99.32209,3.8510854244232178,-0.9909135103225708,1.0
5,141,100.06702,3.805666446685791,-0.7167110443115234,1.0
5,142,101.74376,3.809483766555786,-1.2255877256393433,1.0
5,143,104.83131,3.8088643550872803,-2.135511875152588,1.0
5,144,107.203476,3.810408353805542,-0.007631063461303711,1.0
5,145,107.43931,3.8359858989715576,-2.4336137771606445,1.0
5,146,109.397484,3.8115572929382324,-1.6727995872497559,1.0
5,147,112.89827,3.8138387203216553,-1.9408358335494995,1.0
5,148,116.47568,3.8109395503997803,-0.4947201609611511,1.0
5,149,116.408035,3.80806565284729,0.2763035297393799,1.0
5,150,113.32377,3.877793550491333,-2.233734130859375,1.0
5,151,113.1757,3.8074166774749756,-2.2968409061431885,1.0
5,152,115.40997,3.8144309520721436,-1.8765599727630615,1.0
5,153,117.19049,3.810478925704956,-0.02818894386291504,1.0
5,154,116.65871,3.814988374710083,-1.7845163345336914,1.0
5,155,115.70949,3.811375141143799,0.2026653289794922,1.0
5,156,112.6976,3.869492769241333,-1.3731435537338257,1.0
5,157,111.79114,3.805210590362549,-0.5600185990333557,1.0
5,158,111.8661,3.811925172805786,-1.4870749711990356,1.0
5,159,114.0162,3.8075902462005615,-2.421525001525879,1.0
5,160,117.736984,3.8094303607940674,-1.5729013681411743,1.0
5,161,122.59145,3.808375835418701,-1.8986461162567139,1.0
5,162,128.325,3.8070478439331055,-1.6644364595413208,1.0
5,163,134.78557,3.8054683208465576,-2.850680351257324,1.0
5,164,139.16472,3.8039166927337646,0.0082777738571167,1.0
5,165,138.90184,3.8040101528167725,-1.51755690574646,1.0
5,166,140.51112,3.814709424972534,-2.0872154235839844,1.0
5,167,144.30548,3.810225248336792,-2.1334712505340576,1.0
5,168,149.67754,3.806006669998169,-1.6465791463851929,1.0
5,169,155.55246,3.8026483058929443,-0.7827902436256409,1.0
5,170,160.92957,3.7991950511932373,-1.2634884119033813,1.0
5,171,167.31288,3.801370859146118,-1.4860570430755615,1.0
5,172,174.825,3.7994093894958496,-1.7146964073181152,1.0
5,173,183.29529,3.798151731491089,-2.5714187622070312,-1.0
5,174,192.59137,3.7972195148468018,-1.2110507488250732,-1.0
5,175,202.62709,3.7966201305389404,-2.760091781616211,-1.0
5,176,213.34836,3.7962610721588135,-1.893204689025879,-1.0
5,177,224.7224,3.7960472106933594,-3.2272870540618896,-1.0
5,178,236.73071,3.7959578037261963,-1.7572373151779175,-1.0
5,179,249.36449,3.7959811687469482,-2.447826862335205,-1.0
5,180,262.62137,3.796116590499878,-1.3871259689331055,-1.0
5,181,276.5033,3.7963626384735107,-2.0481457710266113,-1.0
5,182,291.01498,3.7967171669006348,-2.0203680992126465,-1.0
5,183,298.9783,3.797170400619507,-0.04838263988494873,-1.0
5,184,288.6205,3.780139446258545,-1.0532594919204712,-1.0
5,185,279.32144,3.7936692237854004,-2.539501190185547,-1.0
5,186,274.99643,3.7929632663726807,-0.7225779891014099,-1.0
5,187,271.68332,3.7877085208892822,-2.0667190551757812,-1.0
5,188,272.521,3.792004346847534,-1.6914550065994263,-1.0
5,189,277.5895,3.7914979457855225,-2.6656699180603027,-1.0
5,190,285.85275,3.7933998107910156,-2.220398426055908,-1.0
5,191,296.46,3.7946248054504395,-1.628293752670288,-1.0
5,192,308.8465,3.795616865158081,-1.254957675933838,-1.0
5,193,319.2234,3.7966854572296143,-0.5781056880950928,-1.0
5,194,321.1524,3.7862868309020996,-1.6609859466552734,-1.0
5,195,323.23535,3.7947728633880615,-3.1359333992004395,-1.0
5,196,321.34747,3.7952585220336914,-0.09970569610595703,-1.0
5,197,303.70953,3.77950119972229,-1.1129552125930786,-1.0
5,198,285.20187,3.7913625240325928,-0.3382018804550171,-1.0
5,199,264.91992,3.784494161605835,-1.1321343183517456,-1.0
5,200,253.2748,3.791565179824829,-0.9596472978591919,-1.0
5,201,248.89081,3.78936767578125,-0.8526244163513184,-1.0
5,202,248.23251,3.7859928607940674,-3.38407826423645,-1.0
5,203,251.61418,3.7906453609466553,-1.4608768224716187,-1.0
5,204,258.31766,3.7918200492858887,-2.158027172088623,-1.0
5,205,267.46317,3.7934439182281494,-2.368204116821289,-1.0
5,206,278.43872,3.794510841369629,-1.4815925359725952,-1.0
5,207,290.8531,3.7953929901123047,-1.0839283466339111,-1.0
5,208,300.41763,3.796250343322754,-0.464635968208313,-1.0
5,209,299.97552,3.784104585647583,-1.478775978088379,-1.0
5,210,299.90073,3.794034242630005,-1.7304432392120361,-1.0
5,211,303.80304,3.794205904006958,-1.507462739944458,-1.0
5,212,296.76437,3.795008420944214,0.9200193881988525,-1.0
5,213,253.41707,3.7896969318389893,-0.08704018592834473,-1.0
5,214,211.60275,3.814704179763794,-1.1898084878921509,-1.0
5,215,191.01343,3.8158347606658936,-1.2745152711868286,-1.0
5,216,183.99208,3.808629274368286,-1.1198538541793823,-1.0
5,217,183.85095,3.7999000549316406,-1.0453206300735474,-1.0
5,218,181.60498,3.79398512840271,0.49094879627227783,-1.0
5,219,170.1935,3.7998640537261963,-1.9698281288146973,1.0
5,220,161.18782,3.8122498989105225,-0.10856771469116211,1.0
5,221,151.44685,3.8070919513702393,-0.6230576634407043,1.0
5,222,145.38376,3.811361789703369,-2.9199905395507812,1.0
5,223,144.33998,3.8106226921081543,-2.9848740100860596,1.0
5,224,146.63335,3.8037242889404297,-2.393411636352539,1.0
5,225,151.06651,3.802588939666748,-1.5602105855941772,1.0
5,226,156.8793,3.8008620738983154,-0.9627939462661743,1.0
5,227,163.57677,3.799410104751587,-2.128803014755249,1.0
5,228,170.99017,3.799022912979126,-0.9328978061676025,1.0
5,229,178.72542,3.7973062992095947,-1.8134281635284424,1.0
5,230,184.59114,3.797701120376587,-0.3300095200538635,-1.0
5,231,185.33037,3.7939445972442627,-1.2858461141586304,-1.0
5,232,179.78989,3.802351236343384,1.3697776794433594,1.0
5,233,159.52692,3.8110721111297607,-0.12385118007659912,1.0
5,234,143.0931,3.8284852504730225,-1.1825027465820312,1.0
5,235,136.3805,3.8111865520477295,-1.455957293510437,1.0
5,236,134.09723,3.808906316757202,-0.48112332820892334,1.0
5,237,131.27895,3.802842378616333,-0.41680908203125,1.0
5,238,128.86111,3.8022937774658203,-1.8795287609100342,1.0
5,239,129.56544,3.8064687252044678,-3.2458999156951904,1.0
5,240,130.24704,3.807260513305664,-0.02246248722076416,1.0
5,241,126.635864,3.806020975112915,-0.271587610244751,1.0
5,242,123.21958,3.818157434463501,-0.7424006462097168,1.0
5,243,124.99718,3.8078691959381104,-2.1368024349212646,1.0
5,244,127.0369,3.8104331493377686,-0.14243924617767334,1.0
5,245,126.9256,3.807802438735962,-2.6429953575134277,1.0
5,246,128.52502,3.807274580001831,-1.4510157108306885,1.0
5,247,131.34256,3.808487892150879,-1.459868311882019,1.0
5,248,134.60136,3.8076398372650146,-2.1759448051452637,1.0
5,249,137.75713,3.8057258129119873,-2.1384711265563965,1.0
5,250,140.0465,3.804027795791626,-0.8705981373786926,1.0
5,251,144.86488,3.802302837371826,-1.5184612274169922,1.0
5,252,149.42325,3.8031206130981445,-0.27518630027770996,1.0
5,253,150.53165,3.8013908863067627,-2.2759017944335938,1.0
5,254,153.28001,3.8102519512176514,-1.2781113386154175,1.0
5,255,158.02943,3.805577039718628,-1.200310230255127,1.0
5,256,164.01692,3.8022186756134033,-0.9203407168388367,1.0
5,257,170.57616,3.7991673946380615,-1.981948971748352,1.0
5,258,178.14604,3.7988202571868896,-1.0774427652359009,1.0
5,259,185.005,3.7976701259613037,-0.5769238471984863,-1.0
5,260,181.4291,3.7932887077331543,0.8659813404083252,-1.0
5,261,161.88383,3.8099420070648193,-0.022493720054626465,1.0
5,262,144.89333,3.829500198364258,-2.8576741218566895,1.0
5,263,137.76132,3.813427686691284,-1.280426263809204,1.0
5,264,135.32007,3.8127493858337402,-0.5056264400482178,1.0
5,265,133.95995,3.8024442195892334,-2.2413008213043213,1.0
5,266,135.42598,3.8051836490631104,-1.1479853391647339,1.0
5,267,139.08801,3.8051388263702393,-1.9035500288009644,1.0
5,268,141.85713,3.804168462753296,-0.12298810482025146,1.0
5,269,141.16289,3.8033230304718018,-2.06962251663208,1.0
5,270,142.63309,3.8123319149017334,-1.995847225189209,1.0
5,271,146.38257,3.8086135387420654,-2.4447481632232666,1.0
5,272,151.76154,3.8048994541168213,-1.3999862670898438,1.0
5,273,158.35457,3.8019068241119385,-2.5933680534362793,1.0
5,274,165.91425,3.7998735904693604,-1.1979053020477295,1.0
5,275,169.8733,3.798727035522461,0.22963714599609375,1.0
5,276,165.45917,3.80031418800354,-1.5624817609786987,1.0
5,277,161.73634,3.813825845718384,-0.3664836883544922,1.0
5,278,157.744,3.8092358112335205,-1.209059476852417,1.0
5,279,157.52461,3.812701463699341,-0.9978285431861877,1.0
5,280,160.46819,3.8057613372802734,-1.5870872735977173,1.0
5,281,162.62625,3.800450325012207,-0.1273273229598999,1.0
5,282,160.42632,3.7999260425567627,-1.839822769165039,1.0
5,283,157.70457,3.809006929397583,-0.030353069305419922,1.0
5,284,152.13065,3.806698799133301,-3.349444627761841,1.0
5,285,150.56578,3.814302444458008,-2.152120590209961,1.0
5,286,150.8536,3.8084604740142822,-0.4294624924659729,1.0
5,287,148.80968,3.8013365268707275,-0.530541181564331,1.0
